person_id,rs1333049,rs4977574,rs10757274,rs17465637,rs599839,rs646776,rs11206510,rs11591147,rs501120,rs1746048,rs3184504,rs6725887,rs9818870,rs12526453,rs579459,rs2107595,rs9982601,rs4773144,rs10953541,rs3798220,rs10455872,rs662799,rs7412,rs429358,PRS
P1,0,2,1,1,2,0,2,0,2,2,2,0,0,1,0,0,1,1,2,0,0,0,0,0,2.7945644137718326
P2,1,1,1,2,2,0,1,0,1,2,1,0,0,1,0,0,1,1,1,0,0,1,0,1,2.299100775675715
P3,0,0,2,1,1,2,2,0,2,2,0,1,0,2,0,0,0,0,2,0,0,0,0,1,2.654108247642801
P4,1,1,1,1,2,2,2,0,2,2,1,0,0,1,1,1,0,1,2,0,0,0,1,2,3.0833773791147254
P5,1,1,2,1,1,1,2,0,2,1,0,1,0,2,0,0,0,0,1,0,0,0,0,2,2.7623978349029255
P6,0,1,0,0,1,2,2,0,2,1,2,0,0,1,0,0,0,1,2,0,0,0,1,2,2.0210741440650892
P7,2,2,1,0,1,2,2,0,2,2,1,1,0,2,0,0,0,2,2,0,0,0,0,2,3.8347487368795004
P8,1,1,2,0,2,1,1,0,1,2,1,1,0,2,0,0,0,2,1,0,0,0,0,2,3.0322950630953973
P9,1,1,1,0,2,1,2,0,2,2,0,2,0,2,0,1,1,0,1,0,0,0,0,2,3.248649710561502
P10,1,0,1,0,1,2,2,0,1,1,1,0,0,2,0,1,0,1,2,0,0,0,0,2,2.43671425779894
P11,1,1,2,2,1,0,2,0,1,2,1,1,1,2,1,1,0,1,1,0,0,0,0,2,2.6554484173299513
P12,1,2,0,1,1,1,2,0,2,2,1,0,0,1,0,0,0,1,2,0,0,1,0,2,2.54145821180443
P13,1,0,1,0,1,2,1,0,2,2,0,0,1,2,0,1,1,2,2,0,0,0,0,2,3.029844884464073
P14,1,2,1,0,2,2,0,0,1,2,1,0,0,2,0,1,1,0,2,1,0,0,0,2,3.6583060599068893
P15,0,1,1,2,2,1,1,0,1,2,2,1,0,0,0,0,0,0,1,0,0,0,0,2,1.9170842659084393
P16,0,1,2,2,1,1,2,0,2,2,0,1,0,2,0,0,0,0,1,0,0,0,0,2,2.3816131303533328
P17,1,0,1,1,1,2,2,0,1,2,1,0,0,1,0,1,0,0,1,0,1,0,1,2,2.3112892218387837
P18,2,2,0,1,2,2,0,0,2,1,0,0,0,1,0,0,0,1,1,0,1,0,0,2,3.2776494422921267
P19,1,1,1,0,2,1,2,0,1,2,1,0,0,1,0,1,0,1,2,0,0,0,1,1,2.5904287132302444
P20,1,0,2,0,1,2,2,0,2,2,1,0,1,2,0,0,0,1,1,0,0,0,0,2,3.1036825373527184
P21,2,1,1,1,2,2,2,0,2,2,0,0,1,1,0,0,0,2,2,0,0,0,0,2,3.5845501909500195
P22,2,0,1,1,2,1,1,0,2,2,2,0,0,0,0,1,0,1,1,0,0,1,0,2,2.878412779797126
P23,1,2,1,0,2,1,1,0,2,2,2,0,0,2,0,0,1,1,2,0,0,0,0,1,3.474035497077169
P24,1,2,0,1,2,2,2,0,2,1,2,0,1,1,0,2,1,0,1,0,1,1,0,1,3.755004903013639
P25,1,0,1,0,1,2,2,0,2,2,1,1,0,1,1,1,0,0,2,0,0,0,0,2,2.871440510206243
P26,1,1,0,1,1,2,0,0,2,2,1,0,0,1,0,0,1,1,2,0,0,0,0,2,2.5082065973021033
P27,1,1,1,0,1,2,1,0,2,1,1,0,0,2,1,1,0,2,2,0,0,0,0,2,3.0702652516421045
P28,1,2,1,0,2,2,2,0,2,2,1,0,0,1,0,0,0,0,2,0,0,0,0,2,3.342472815304077
P29,1,2,1,1,2,2,2,0,1,2,2,0,1,2,1,1,1,2,1,0,0,0,0,2,3.6860468693432984
P30,1,1,0,1,1,1,1,0,2,2,1,1,1,1,0,0,1,2,2,0,0,0,0,2,2.6384375494599466
P31,1,1,1,0,2,2,2,0,2,1,1,0,0,0,0,0,0,2,1,0,0,0,0,2,2.9569769306027105
P32,0,2,1,1,2,2,2,0,2,2,1,0,2,1,2,1,0,0,1,0,0,0,0,2,3.3506936177362707
P33,2,2,0,1,1,1,2,0,2,2,2,0,0,2,0,1,0,2,1,0,0,1,0,2,3.1689283997370867
P34,1,1,0,0,2,2,2,0,2,1,1,0,0,1,0,2,0,1,2,0,1,0,0,0,3.3628446972167128
P35,1,1,1,1,2,1,2,0,2,2,0,0,1,2,0,1,1,0,1,0,1,0,0,2,3.3146822653369132
P36,1,1,0,0,1,2,2,0,2,2,1,0,0,2,1,0,1,2,2,0,0,0,0,2,3.002107687656825
P37,0,1,2,1,2,1,2,0,2,2,2,0,1,1,0,1,1,1,1,0,0,0,0,2,3.0949519358427313
P38,0,1,1,1,2,2,2,0,2,2,0,0,0,1,1,0,0,1,2,0,0,0,0,1,2.7929343767112496
P39,1,1,1,1,0,2,1,0,2,2,1,1,0,1,0,1,0,1,2,0,1,1,1,2,2.87053576952039
P40,1,2,2,0,2,1,2,0,1,2,1,0,0,0,2,0,0,1,2,0,0,0,0,1,3.3409138973420944
P41,1,1,2,1,2,2,2,0,2,2,0,0,0,2,1,0,0,1,2,0,0,0,0,2,3.497298298759085
P42,1,1,1,1,1,2,2,0,2,2,1,0,1,2,0,0,0,0,1,0,0,1,0,1,3.0605554603673446
P43,1,0,0,1,2,2,2,0,2,0,0,1,1,1,1,0,1,1,2,0,0,0,0,2,2.7739516255842327
P44,1,0,2,1,1,1,2,0,1,2,0,0,1,0,0,0,0,0,2,0,0,1,0,2,2.263765334412872
P45,1,2,1,0,2,2,2,1,2,2,0,0,0,2,1,0,1,1,2,0,1,0,1,2,3.5200933990771754
P46,1,0,2,0,1,2,1,0,2,2,2,0,1,2,0,0,0,0,1,0,0,1,0,2,3.1009214962165905
P47,1,1,1,0,2,2,1,0,2,1,1,1,1,2,0,1,2,1,2,0,0,0,0,2,3.7637577234742543
P48,1,0,1,0,1,2,2,0,1,2,1,0,1,1,0,0,1,2,2,0,0,0,0,2,2.7185168035622134
P49,1,1,2,1,2,2,2,0,1,2,1,2,0,0,1,2,0,0,1,0,0,0,0,2,3.3771358321196376
P50,0,2,1,0,2,1,2,0,2,2,2,1,0,0,0,1,1,1,2,0,0,1,0,2,3.164781290307052
P51,0,1,1,1,1,1,2,0,1,2,0,0,0,2,0,1,1,1,1,0,0,0,0,1,2.1384876712117897
P52,2,0,1,1,2,1,1,0,2,1,0,1,2,2,1,1,0,2,2,0,0,0,0,2,3.4172788112618977
P53,2,1,2,0,1,2,2,0,2,1,1,0,0,1,0,1,0,0,1,0,0,0,0,2,3.444400735716503
P54,1,1,0,1,2,1,0,0,2,2,2,0,0,1,1,1,1,1,2,0,0,1,0,2,2.7968387017201612
P55,1,0,1,0,1,2,2,0,1,2,1,0,0,2,0,1,1,2,2,0,0,1,0,2,2.823723689465195
P56,2,0,2,1,2,2,2,0,2,2,0,0,1,1,0,0,0,1,2,0,0,1,0,2,3.6369966663225624
P57,1,1,2,0,1,2,2,0,1,2,1,0,0,0,0,0,0,2,2,0,0,0,1,2,2.7351052472126813
P58,2,0,1,0,2,2,1,0,1,2,0,2,0,1,0,0,0,0,1,1,0,0,1,1,3.2948912366806313
P59,1,2,0,0,2,1,2,0,2,2,2,1,0,1,2,1,0,1,2,0,0,1,0,2,3.3556490521930646
P60,0,2,1,0,2,2,2,0,2,2,2,0,1,2,1,0,0,0,2,0,0,1,0,2,3.429451364971056
P61,2,1,2,0,1,1,2,0,2,2,2,1,0,2,2,0,1,1,1,0,0,0,0,1,3.9787507768818293
P62,2,1,2,0,1,2,2,0,2,2,1,0,1,1,0,0,2,1,2,0,0,0,0,2,4.063988940897804
P63,1,2,1,1,2,2,2,0,2,2,1,0,0,1,0,1,1,1,1,0,0,0,0,2,3.498984861119337
P64,1,1,2,0,2,2,1,0,1,2,2,2,0,2,1,0,0,0,1,0,0,0,0,2,3.4826951505921593
P65,1,1,1,1,1,2,1,0,1,2,1,0,1,1,0,0,1,1,2,0,0,0,0,2,2.754561378419761
P66,0,0,1,1,1,2,2,0,1,2,1,0,0,2,0,0,1,1,2,0,0,0,0,2,2.139443991726921
P67,2,1,2,1,2,2,2,0,2,2,1,0,1,1,1,0,0,0,2,0,0,0,1,2,3.7735538136467484
P68,0,1,1,1,1,2,2,0,2,2,1,0,1,2,0,0,0,1,2,0,0,0,0,2,2.661234702325659
P69,1,1,0,0,2,2,2,0,2,1,2,0,0,2,0,0,0,0,2,0,0,0,0,2,2.848630294559826
P70,0,0,0,1,2,1,1,0,1,2,1,1,0,0,0,0,0,1,1,0,0,0,0,2,1.4150679100747299
P71,0,1,0,0,1,2,2,0,2,2,0,0,0,1,0,1,1,2,1,0,0,0,0,2,2.357063886121402
P72,0,0,1,0,1,2,1,0,2,1,1,0,1,1,1,0,0,2,2,0,0,0,0,2,2.385090348954802
P73,0,1,2,1,2,1,1,0,1,1,0,0,0,1,0,0,1,1,2,0,1,1,0,2,2.691119140679733
P74,0,2,1,1,2,1,2,1,2,2,1,0,1,2,1,0,0,0,2,0,0,1,1,2,2.546372422737393
P75,0,1,1,0,1,1,1,0,2,1,1,0,0,2,0,0,1,0,2,0,1,0,0,0,2.7047768043308134
P76,0,0,2,1,2,2,1,0,1,2,1,0,0,2,1,0,0,1,1,0,0,0,0,2,2.4847706089950297
P77,1,2,1,0,2,1,2,0,1,2,0,0,0,1,1,2,0,0,1,0,0,0,0,2,2.8802640695049493
P78,1,1,1,1,0,1,1,0,2,2,1,0,0,1,0,0,0,0,2,0,0,1,0,1,2.285662177580618
P79,1,0,2,0,2,2,2,0,1,2,2,1,0,2,0,0,0,0,2,0,0,1,0,1,3.3065925730471792
P80,2,1,1,1,2,1,1,0,2,2,1,1,0,0,0,0,0,1,2,0,0,0,0,1,3.215927097720503
P81,1,1,0,1,2,1,2,0,2,2,1,0,0,1,1,0,1,1,2,0,0,0,0,2,2.726902135518603
P82,2,0,1,2,2,1,2,0,2,2,0,0,0,1,1,1,0,1,2,0,1,1,1,2,3.102882358891092
P83,2,1,1,0,1,2,2,0,2,2,0,0,0,2,0,0,1,0,1,0,0,0,0,1,3.411411708786589
P84,1,0,2,0,1,2,2,1,2,1,2,0,0,2,1,0,0,0,1,0,0,0,1,1,2.6286138284541862
P85,2,1,1,2,2,2,2,0,2,1,2,1,0,1,0,0,0,0,0,0,0,1,1,2,3.1747580839941407
P86,1,1,2,0,2,2,2,0,2,1,1,0,0,1,1,1,1,1,2,0,1,0,0,2,3.9892519984043404
P87,0,0,1,0,1,2,2,0,1,2,1,0,0,1,1,0,0,0,1,0,0,0,1,2,1.7510098636394047
P88,2,0,2,1,1,1,2,0,2,2,0,0,0,2,0,0,0,1,2,0,0,0,0,2,2.9850650946706705
P89,0,0,1,1,2,1,2,0,1,2,2,1,0,2,0,0,0,0,1,0,0,0,0,2,2.004001402185727
P90,1,1,2,0,1,2,2,0,2,1,1,1,0,0,1,0,1,1,2,0,0,1,0,2,3.4859593738935937
P91,1,2,2,1,1,1,2,0,1,2,1,0,0,1,0,1,0,1,1,0,1,0,0,2,3.0933081968539518
P92,2,0,1,2,1,2,2,1,2,2,1,1,0,2,0,1,0,1,2,0,0,0,0,2,2.878961559470703
P93,0,1,0,0,2,2,2,0,2,2,1,1,0,1,0,0,0,0,2,0,0,0,0,2,2.5110636726123112
P94,1,2,0,1,1,2,1,0,1,1,1,0,0,1,0,1,0,1,1,0,0,2,0,2,2.4510170817649364
P95,0,2,2,0,1,2,2,0,2,2,2,1,1,0,0,0,0,0,0,0,0,1,0,1,3.2718149255458493
P96,2,2,0,1,0,2,2,0,2,2,1,0,1,1,0,0,0,2,2,0,0,1,0,1,3.2556973256912984
P97,1,1,1,2,1,2,2,0,1,2,1,1,1,2,1,0,1,1,2,1,0,0,1,1,3.414600090784945
P98,2,1,1,2,2,1,2,0,1,2,0,0,0,1,1,1,0,1,2,0,0,0,1,1,2.833401293825214
P99,1,2,1,1,1,2,2,0,1,2,1,0,0,2,0,1,0,1,2,0,0,1,0,2,3.0335791314487883
P100,1,0,0,2,2,1,1,0,2,2,0,1,1,1,0,0,0,1,2,0,0,0,0,2,2.2416424164146482
P101,1,1,2,0,2,0,2,0,2,2,1,0,0,1,0,0,0,0,2,0,0,1,0,2,2.8922200546831096
P102,0,1,1,1,1,2,1,0,2,2,0,1,0,2,1,0,0,1,2,0,0,1,0,2,2.664308809498916
P103,1,2,1,1,1,2,2,0,2,1,1,0,0,2,0,0,1,2,2,0,0,0,0,2,3.316094815918972
P104,0,1,2,1,1,2,2,0,2,2,1,1,0,0,0,0,0,0,2,1,0,0,0,2,3.121142404941306
P105,2,1,0,0,2,2,2,0,1,2,2,0,0,2,0,0,0,1,1,0,1,0,1,2,3.135616193908607
P106,0,2,2,0,1,0,2,0,1,1,1,0,0,1,0,2,1,0,1,0,1,1,0,2,2.665903596066166
P107,1,1,2,0,1,1,1,0,1,2,0,0,0,1,0,1,0,1,1,0,0,0,1,2,2.3314557540372727
P108,2,1,1,1,1,2,2,0,2,2,1,0,0,2,1,1,1,0,0,0,1,0,0,2,3.6832685862806764
P109,0,1,2,0,1,1,2,0,1,2,0,0,0,1,0,0,1,1,2,0,0,0,0,1,2.434649272383626
P110,2,0,2,1,1,2,1,0,2,2,1,0,0,2,0,0,0,1,0,0,0,1,0,1,3.2722389603569315
P111,1,1,0,1,2,2,2,0,2,2,1,0,0,1,0,0,0,0,1,0,0,0,0,2,2.6066367698604243
P112,0,2,0,0,1,2,2,0,1,2,2,0,0,2,0,0,1,1,2,0,0,1,0,1,2.6639398276828525
P113,1,1,1,0,1,2,2,0,2,2,2,0,0,1,1,1,0,2,2,0,0,0,1,2,3.0522938092149596
P114,0,1,2,1,2,2,2,0,2,1,1,1,0,2,1,0,0,1,1,0,0,0,0,2,3.154125422997663
P115,0,0,1,0,1,2,1,0,2,2,1,1,1,1,0,0,0,0,1,0,0,0,0,1,2.3857271881013444
P116,0,2,1,1,2,2,2,0,2,2,1,1,0,1,0,0,0,1,1,0,0,0,0,2,2.9972362842575224
P117,0,1,0,1,2,2,2,0,2,2,2,1,0,2,0,1,0,0,2,0,0,2,0,1,2.907210547751435
P118,1,1,0,0,2,2,2,0,1,1,1,1,0,1,1,0,0,1,2,0,0,1,0,1,2.846616310067365
P119,1,1,0,0,2,2,1,0,2,0,1,1,0,1,0,0,1,1,2,0,0,0,0,1,2.9712021251232805
P120,2,1,2,1,2,2,2,1,2,2,0,0,0,1,0,1,0,1,1,0,0,0,0,2,3.414979298804951
P121,1,1,0,0,1,1,2,0,2,2,2,0,0,2,0,0,1,1,2,0,0,0,0,2,2.628159917145023
P122,0,1,1,1,1,2,2,0,2,2,2,0,0,1,0,0,0,2,1,0,0,0,0,1,2.582079585871031
P123,1,1,2,0,2,2,2,0,2,2,2,1,0,1,1,1,0,2,2,0,0,1,0,2,3.9804336783087932
P124,1,1,2,0,1,1,2,0,2,0,2,0,0,1,0,0,1,1,2,0,0,0,0,2,2.9901158245386603
P125,1,2,0,0,2,2,1,0,1,2,1,1,0,2,1,0,1,0,1,0,0,0,0,1,3.1667435098379206
P126,1,1,1,1,2,2,2,0,2,2,1,0,0,2,0,1,0,1,0,0,0,0,0,2,3.0894552968424693
P127,1,2,1,1,2,2,2,0,2,2,2,0,0,2,1,0,0,1,2,0,0,0,0,2,3.593251823386542
P128,1,1,1,1,0,1,2,0,1,2,2,0,0,2,0,0,0,1,2,0,0,0,0,2,2.15593505790024
P129,1,1,1,0,1,1,2,0,1,2,1,0,0,2,0,1,0,1,1,0,0,0,0,2,2.4231162351376923
P130,0,0,1,1,2,2,2,0,1,2,1,1,1,2,1,1,0,0,2,0,0,0,0,2,2.6090135077350003
P131,2,1,0,2,2,2,1,0,2,2,2,0,0,2,0,0,1,2,1,0,0,0,0,2,3.3035800447444696
P132,1,2,2,0,1,1,2,0,2,2,0,0,0,2,0,0,0,1,2,2,1,0,0,2,4.300477661681734
P133,2,2,1,0,2,2,2,0,1,2,0,0,0,1,0,0,1,0,1,0,1,0,0,2,3.7269368084155654
P134,1,1,0,0,1,1,2,0,2,2,1,0,1,2,0,0,0,1,2,0,0,1,0,1,2.686885467903592
P135,1,2,1,1,2,2,1,0,2,1,1,1,0,1,1,0,0,1,2,0,0,0,0,2,3.39163116861144
P136,0,1,0,0,2,2,2,0,2,2,1,0,0,2,0,0,0,1,2,0,0,0,0,2,2.5430042384840474
P137,1,0,1,0,1,2,1,0,2,2,1,0,0,2,1,1,0,1,2,0,1,1,1,0,3.186144617403063
P138,1,0,1,0,1,1,2,0,2,2,1,0,1,0,0,0,0,1,2,0,0,0,0,1,2.481052935193669
P139,1,1,1,1,2,1,2,0,2,2,0,0,0,2,0,1,1,1,1,0,0,0,0,2,2.972551834222509
P140,1,0,0,0,2,2,1,0,2,2,1,1,0,1,0,0,0,1,2,0,0,0,0,2,2.624659416273152
P141,2,0,2,2,1,2,2,0,1,2,2,0,0,1,1,1,0,1,2,0,0,1,0,2,3.2014237431444847
P142,0,2,0,1,2,1,0,0,1,2,2,0,0,2,0,0,0,1,2,0,0,0,0,2,2.0735885362119575
P143,1,0,2,0,1,2,1,0,2,2,1,0,2,2,0,0,0,2,2,0,0,0,0,2,3.3111031282016916
P144,0,1,0,0,2,2,2,0,1,2,1,1,0,2,0,0,0,1,2,0,0,0,0,2,2.3888535586567894
P145,0,1,1,0,2,1,2,0,2,2,0,0,0,2,1,0,0,1,1,0,0,0,0,2,2.5167851747586156
P146,0,1,2,0,2,2,2,0,2,2,1,0,0,2,0,2,1,1,2,0,0,0,0,2,3.5021401566416883
P147,2,1,1,0,2,2,2,0,2,2,1,0,0,2,1,0,1,2,1,0,0,0,0,1,3.970881403912124
P148,1,2,1,0,2,1,2,0,2,1,0,0,2,2,2,0,0,1,2,0,0,0,0,2,3.53002924946647
P149,0,0,2,0,2,2,2,0,2,2,1,1,0,1,0,1,0,0,2,0,0,0,0,2,2.9603208878248872
P150,0,0,2,1,1,2,2,0,1,2,1,0,1,2,1,0,1,2,2,1,1,0,0,1,3.5301416886473147
P151,1,1,1,0,2,2,2,0,2,1,2,1,1,2,0,0,0,0,2,0,0,0,0,2,3.4342312391814214
P152,1,1,0,1,1,1,2,0,2,2,1,0,0,2,0,0,1,0,2,0,0,0,0,1,2.4956206670583767
P153,2,0,1,1,1,2,2,0,2,2,1,1,0,2,0,0,1,2,2,0,0,1,0,2,3.461493294895906
P154,0,1,2,0,2,1,2,0,2,2,1,0,2,0,0,2,0,0,2,0,0,0,0,2,3.072691652598305
P155,1,0,1,1,1,2,1,0,1,2,0,1,1,1,0,0,0,2,2,0,0,0,0,2,2.451169586354916
P156,2,0,1,1,2,2,2,0,2,2,1,0,0,1,0,0,0,0,2,0,0,0,0,2,3.12130668715974
P157,2,2,2,0,0,0,2,0,1,1,1,0,0,2,1,0,0,1,2,0,0,1,0,2,2.9174846528018348
P158,1,2,1,0,1,2,2,0,2,2,1,0,1,2,0,1,0,1,2,0,0,1,0,1,3.6312394144447784
P159,1,2,1,1,1,2,2,0,2,2,1,1,0,0,0,2,0,0,2,0,0,0,0,1,3.296868077919744
P160,1,2,1,1,2,2,2,0,2,2,1,1,2,2,2,2,0,1,1,0,1,0,1,1,4.312999644811688
P161,1,2,1,1,0,2,2,0,1,2,0,0,0,1,1,0,0,0,0,0,0,1,1,1,2.3321755807163047
P162,1,2,1,1,1,1,2,0,2,1,2,1,0,0,1,1,0,2,2,0,0,0,0,2,3.057319517809815
P163,0,2,2,0,1,2,2,0,2,2,1,1,1,1,1,1,1,1,2,0,0,0,0,1,3.7896718059043284
P164,0,2,1,0,1,1,2,0,2,1,0,0,0,1,1,0,0,0,2,0,0,0,0,1,2.4433411358566306
P165,2,1,1,1,2,2,2,0,2,2,1,0,1,2,0,0,0,1,2,0,0,0,0,2,3.686401722280529
P166,1,0,1,1,2,2,2,0,2,2,1,0,1,0,0,0,0,2,1,0,0,1,1,2,2.746510953225245
P167,1,1,0,0,2,2,1,0,2,2,1,0,0,2,0,1,1,1,1,0,0,0,0,2,3.0218589954800095
P168,2,1,1,0,1,2,2,0,2,1,0,1,0,1,0,0,1,1,2,0,1,0,0,1,3.775598921970619
P169,2,0,1,1,2,2,1,0,2,2,2,1,2,2,1,1,0,1,2,0,0,0,1,2,3.7093768012627977
P170,1,2,2,0,2,1,1,0,2,2,2,0,1,1,0,0,0,2,2,1,0,0,0,2,4.056532461923942
P171,1,1,0,1,1,1,2,0,2,2,1,0,0,1,1,0,0,1,2,0,0,1,0,2,2.374404127141264
P172,1,2,0,0,1,1,0,0,1,2,1,0,0,2,0,0,0,0,1,0,0,0,0,2,2.0670890290190784
P173,0,2,1,0,0,2,2,0,2,2,0,0,1,2,1,0,0,0,2,1,0,0,0,2,3.116217930576912
P174,0,2,1,0,1,2,2,0,1,2,2,0,0,1,1,0,0,2,1,0,1,0,0,2,2.915282826735076
P175,0,1,1,2,1,1,2,0,2,2,2,0,1,1,0,1,1,1,2,0,1,0,0,1,2.881806554365474
P176,2,1,2,0,1,1,2,0,1,2,1,1,1,1,0,0,1,0,2,1,0,0,1,2,3.643595882712327
P177,1,2,1,0,1,2,2,0,2,2,1,0,0,1,0,1,0,0,2,0,1,0,0,2,3.439857734143556
P178,1,2,1,0,2,2,2,0,1,2,0,0,0,2,1,1,0,2,2,0,0,0,0,2,3.3910315296266944
P179,0,0,1,1,2,2,1,0,1,2,0,0,0,1,0,0,1,2,2,0,0,0,1,2,2.0552736376338627
P180,1,0,1,0,2,2,2,0,2,2,1,0,0,0,0,0,0,1,2,0,1,1,0,2,3.12777854072546
P181,2,1,0,1,1,1,2,0,2,1,2,0,1,1,0,0,0,2,1,0,0,0,0,2,2.7151795531255623
P182,2,0,0,0,2,1,2,0,2,2,1,0,0,2,0,1,0,0,1,0,0,0,0,2,2.703366143754241
P183,1,2,0,1,1,1,1,0,2,2,1,0,1,2,0,0,0,1,2,0,0,0,0,2,2.631910644373971
P184,0,2,0,1,1,2,2,0,0,2,0,0,0,1,0,1,0,1,2,0,0,0,0,1,1.9021776186934776
P185,1,0,0,1,1,1,2,0,2,2,0,0,2,1,0,0,0,2,2,0,0,0,0,1,2.3130729660069345
P186,2,1,0,1,2,2,2,0,2,2,2,1,0,2,0,0,0,1,2,0,0,0,0,2,3.4370573024717412
P187,1,2,0,1,1,2,0,0,2,1,1,0,0,1,0,0,1,0,1,0,0,0,0,1,2.630792874305768
P188,1,1,0,0,2,1,2,0,1,2,2,1,0,1,0,0,0,0,0,0,0,0,0,2,2.246246106663375
P189,1,1,0,0,1,2,2,0,2,1,1,1,1,1,0,0,0,1,2,0,0,0,1,1,2.693946148024466
P190,1,1,1,2,1,1,2,0,1,2,0,1,0,2,0,2,0,1,0,0,1,1,0,2,2.659269242094844
P191,1,1,0,0,2,1,2,0,2,2,2,0,0,2,0,1,1,1,2,0,0,0,0,2,2.9648021355186036
P192,1,2,1,1,1,1,1,0,1,2,1,0,1,1,0,0,1,1,2,0,0,1,0,2,2.7994053491274045
P193,1,0,0,0,1,2,2,0,2,2,0,0,1,1,0,0,0,1,2,0,0,0,0,2,2.3815119190044545
P194,2,1,0,0,1,2,2,0,1,2,1,0,0,2,0,0,0,1,1,0,0,0,0,2,2.696746838321966
P195,1,1,1,0,0,2,2,1,2,2,1,0,0,0,0,0,1,1,1,0,0,0,2,2,2.02972598010036
P196,1,1,0,2,0,1,2,0,2,2,2,0,0,2,0,0,1,0,2,0,0,0,0,2,2.1424590502976275
P197,1,1,0,0,1,1,2,0,2,2,0,0,0,1,0,2,0,0,2,0,0,0,0,1,2.4062960487764786
P198,1,1,1,1,1,1,2,0,2,1,1,0,0,1,0,0,1,1,2,0,0,0,0,2,2.6055827809396788
P199,1,1,2,1,2,1,2,0,2,2,2,0,0,0,1,0,0,1,1,0,0,0,0,2,3.0929379557806445
P200,1,1,1,0,2,1,2,0,2,2,1,0,1,2,0,1,0,0,2,0,0,0,1,2,2.9520017307824067
P201,1,1,1,0,1,2,2,0,1,1,2,0,1,2,0,0,0,1,2,0,0,1,0,2,2.8986991131154043
P202,2,1,0,1,2,2,2,0,2,2,0,1,0,1,0,1,1,0,2,0,1,0,0,2,3.6432300498842345
P203,0,1,0,2,2,2,2,0,2,2,0,0,0,2,0,0,0,1,1,0,0,0,0,2,2.2284431973479197
P204,1,1,0,1,2,2,2,0,0,1,1,0,0,1,0,0,0,1,2,0,0,1,0,2,2.1623795272358053
P205,1,1,0,0,1,1,2,0,2,2,0,0,0,2,0,0,0,2,1,0,0,0,0,2,2.3049430860051365
P206,0,0,2,1,2,2,2,0,1,2,1,0,0,1,0,0,0,2,1,0,0,1,0,0,2.6884673842444746
P207,2,0,1,0,2,1,2,0,2,2,1,0,0,2,0,1,0,2,1,0,0,0,0,2,3.1534941805419043
P208,1,1,2,1,2,0,2,0,2,2,1,0,1,2,1,1,0,0,1,0,1,1,1,2,3.25596845274385
P209,1,2,1,0,1,2,0,0,2,2,0,0,1,0,1,0,0,1,2,0,0,0,0,2,3.067129105507213
P210,1,1,0,0,1,1,2,0,2,1,1,1,0,1,1,1,0,0,2,0,0,0,1,1,2.3786567947461545
P211,0,1,1,0,1,2,2,0,2,2,2,0,0,1,0,0,1,1,2,0,0,0,0,2,2.747577018623749
P212,2,1,0,0,2,2,2,0,2,2,0,1,0,1,0,1,0,1,2,0,0,1,0,2,3.4247057711412308
P213,0,1,0,2,2,2,2,0,2,2,1,0,0,1,1,1,1,1,2,1,0,0,0,2,3.0392283277884533
P214,1,0,2,0,1,1,1,0,2,2,0,0,0,2,1,1,1,2,2,0,0,1,0,1,3.173702966360594
P215,1,1,2,0,2,2,1,0,2,2,2,1,1,1,1,0,0,1,2,0,0,0,0,2,3.825917282600194
P216,1,1,0,1,2,2,2,0,2,2,1,0,0,2,0,0,0,2,2,0,0,0,0,2,2.9142252877485073
P217,1,0,2,1,2,1,2,1,2,2,2,0,2,1,0,1,0,1,2,1,0,0,0,0,3.5812070648007683
P218,2,2,0,0,1,2,2,0,2,2,1,0,1,1,1,0,0,0,1,0,0,0,0,2,3.3163933389244624
P219,0,1,2,1,1,2,2,0,2,2,0,0,0,0,0,0,0,1,2,0,0,0,0,1,2.662482538569053
P220,1,1,1,0,2,1,2,0,2,2,2,1,1,2,0,0,0,0,1,0,1,1,1,2,3.335954737739558
P221,2,0,1,0,1,2,2,0,2,1,0,0,0,2,1,0,0,2,2,0,0,1,0,2,3.1815830775752016
P222,1,1,1,1,2,2,1,0,2,2,1,1,0,1,0,0,1,2,2,0,0,1,0,2,3.4209661560058797
P223,0,2,1,1,1,1,1,0,1,2,2,0,0,2,1,0,1,0,0,0,0,1,0,2,2.31762063482418
P224,2,1,1,1,1,2,1,0,2,2,2,0,0,2,0,0,0,2,2,0,0,0,1,2,3.1968951688694767
P225,2,0,0,0,0,1,2,0,2,2,2,0,0,2,0,0,0,0,2,0,0,0,0,2,2.263242748143208
P226,1,1,0,1,2,1,1,0,1,2,0,0,0,0,0,0,0,2,2,0,0,0,0,1,2.0931054009235734
P227,0,2,1,0,2,1,1,0,2,2,1,0,0,2,0,0,1,0,2,0,0,1,0,1,3.0145730962865236
P228,1,0,2,0,2,2,2,0,2,2,1,0,0,1,1,0,0,0,2,0,0,0,1,2,3.0678652060134532
P229,0,1,2,0,0,2,2,0,2,1,0,0,0,1,0,0,0,1,2,0,0,0,0,2,2.407653405371576
P230,1,1,1,1,2,2,2,0,2,1,1,0,0,1,0,0,0,1,2,0,2,0,0,1,3.610963175882638
P231,2,0,1,2,1,2,2,0,1,2,1,0,0,0,0,0,0,0,2,0,0,0,0,2,2.404475346748172
P232,1,2,0,1,1,2,2,0,2,1,2,0,1,1,2,0,0,0,2,0,0,0,1,2,2.8497244628332195
P233,1,2,1,0,1,2,1,0,2,1,1,0,0,2,1,0,0,0,2,1,0,0,0,1,3.6184412683759675
P234,0,2,2,0,2,1,1,0,2,2,0,0,0,2,0,0,0,0,2,0,1,0,0,1,3.292037886388229
P235,2,1,0,0,2,1,1,0,2,2,2,0,0,2,0,0,0,1,2,0,0,1,1,2,2.9332477051693617
P236,0,0,2,0,0,2,2,0,2,2,0,1,0,2,0,0,0,0,2,0,0,0,0,2,2.3901466308820516
P237,0,2,1,1,2,2,2,0,2,2,2,0,1,2,0,0,0,2,2,0,0,0,0,2,3.3200998336405454
P238,2,1,1,0,2,2,2,0,2,2,0,1,0,2,0,0,0,1,2,0,0,0,1,2,3.525168042311775
P239,2,0,0,1,2,1,2,0,2,2,1,0,0,1,0,0,0,2,2,0,0,0,0,2,2.6566343020336736
P240,0,1,1,1,1,2,1,0,2,2,2,0,0,2,1,0,0,0,2,0,0,0,1,1,2.477382648532051
P241,1,0,0,0,2,1,1,0,2,1,1,0,0,2,0,1,0,0,1,0,0,0,0,2,2.1549650055864156
P242,1,1,1,1,2,2,1,0,1,2,1,0,2,2,2,0,1,2,1,0,0,0,0,2,3.425593685919163
P243,1,0,1,0,2,2,2,0,1,2,0,0,2,2,0,1,0,0,2,0,0,1,0,1,3.0738774555510586
P244,0,2,1,0,2,2,2,0,1,2,2,1,2,1,1,0,0,0,2,0,0,0,0,2,3.2520937992408157
P245,0,1,1,0,1,1,2,0,2,2,0,0,1,2,0,0,0,1,2,0,0,0,0,1,2.474575158479166
P246,2,2,2,0,2,2,1,0,1,2,0,1,0,2,0,2,0,1,2,0,0,0,0,2,4.06420306324951
P247,0,1,0,0,1,2,1,0,2,2,1,0,0,1,0,1,0,0,2,0,0,1,0,2,2.198090799170014
P248,1,2,1,1,1,1,2,0,2,2,1,1,0,1,0,0,0,0,2,0,0,1,0,2,2.9196385655770523
P249,1,1,1,0,2,2,2,0,2,2,0,1,0,2,0,0,1,0,1,0,0,1,0,2,3.388459038862575
P250,0,1,0,0,1,2,2,0,2,2,1,1,0,1,0,0,0,0,2,0,1,1,1,2,2.434107239925606
P251,0,0,1,0,2,2,1,0,1,2,2,1,0,1,0,0,0,0,1,0,0,0,0,2,2.1986091234789353
P252,1,2,2,2,2,1,2,0,1,2,0,1,0,1,0,1,0,1,2,0,0,0,0,2,3.1300125815570046
P253,1,1,1,1,1,2,1,0,2,1,2,1,0,1,0,1,1,0,2,0,0,0,0,2,3.033370295969802
P254,0,1,1,1,1,2,2,0,2,2,2,0,0,0,0,0,0,0,2,0,0,1,0,2,2.4050524003418507
P255,1,0,0,0,2,2,2,0,2,2,0,1,0,1,0,1,1,0,0,1,0,0,0,1,3.1564832143547834
P256,1,2,2,1,1,2,2,0,2,1,1,0,0,2,0,1,1,1,0,0,0,0,0,2,3.491324825012934
P257,1,1,2,1,1,1,1,0,2,2,0,1,0,2,0,0,0,1,2,0,0,0,0,2,2.9162341796177924
P258,0,1,0,1,1,1,1,0,2,2,0,0,2,1,0,0,0,2,2,0,0,1,0,2,2.0898530386342986
P259,1,0,1,1,1,2,2,0,1,2,1,1,0,1,0,0,0,1,1,0,0,1,0,1,2.476627042366926
P260,1,1,1,1,2,1,2,0,2,2,1,1,0,0,2,0,0,1,1,0,0,1,0,1,3.088943705012323
P261,0,2,1,1,1,1,2,0,1,2,1,0,0,2,0,1,0,1,1,0,1,0,0,2,2.488545236027599
P262,2,1,2,1,1,2,2,0,1,2,0,0,1,2,0,0,0,1,2,0,0,0,0,2,3.38719130151332
P263,1,0,1,0,2,0,1,0,2,2,0,0,0,1,0,0,0,0,1,0,0,0,0,2,2.019264319629514
P264,2,0,1,0,2,2,1,0,2,2,1,0,0,1,0,0,1,0,2,0,0,1,0,2,3.359218732975
P265,2,0,2,0,2,2,2,0,1,2,0,0,0,2,0,1,0,1,2,0,0,0,0,2,3.403407313044251
P266,1,0,2,2,2,2,2,0,2,1,2,0,0,1,0,1,0,1,1,1,0,0,1,2,3.281984588132596
P267,1,1,1,1,1,1,2,0,2,1,0,0,1,2,0,1,0,1,2,0,0,0,0,2,2.682940464641589
P268,1,1,1,1,2,2,1,0,2,2,1,0,1,1,0,0,1,1,1,0,0,1,0,1,3.3760995447518605
P269,0,2,0,2,2,0,2,0,2,2,0,0,0,2,0,0,1,0,2,0,0,1,0,2,2.1629250569617873
P270,1,1,0,0,2,1,2,0,1,2,1,1,1,2,0,0,0,1,2,1,0,0,0,2,3.0408086104157634
P271,0,1,1,2,1,2,2,0,2,1,0,0,0,2,0,0,1,1,2,0,0,0,0,2,2.4449095021870217
P272,1,1,1,1,2,2,2,0,2,2,1,0,0,2,0,0,0,1,1,0,1,0,0,1,3.445462873578827
P273,0,0,0,0,1,2,1,0,2,2,1,0,1,1,0,0,0,0,1,0,0,0,0,1,1.939888185854907
P274,1,2,1,0,2,2,2,0,2,2,1,0,1,1,1,0,0,0,2,0,0,0,0,2,3.5775449374835606
P275,0,1,0,1,2,1,1,0,2,1,0,0,0,2,0,0,1,0,2,0,0,0,0,2,2.036642348876963
P276,0,1,2,0,2,2,1,0,2,2,1,0,0,2,0,0,1,1,2,0,0,1,0,1,3.4198571623665437
P277,0,1,0,0,1,2,2,0,2,2,1,0,1,1,0,1,0,0,2,0,0,0,0,2,2.347155134207486
P278,1,1,1,1,1,1,2,0,2,2,0,0,0,1,0,1,0,1,2,0,0,0,0,2,2.5340460387031576
P279,1,1,2,0,2,2,2,0,1,1,1,0,1,1,1,1,0,1,1,0,0,1,1,1,3.3300104285800582
P280,1,1,1,1,2,2,2,0,2,2,1,0,0,1,1,0,0,1,2,0,0,0,0,0,3.343416175889063
P281,0,0,0,0,1,2,1,0,1,2,1,0,0,0,1,1,1,2,0,0,0,1,0,1,1.8884766440089753
P282,1,1,1,1,1,2,2,0,2,1,1,0,0,0,2,1,0,0,2,0,1,1,0,1,3.263604000100322
P283,0,0,0,0,1,2,2,0,1,2,1,0,0,1,0,0,1,2,1,0,0,0,0,2,1.801720679420249
P284,0,1,2,0,1,1,2,0,1,2,2,1,0,1,1,0,0,2,2,1,1,1,0,1,3.4613273611043045
P285,1,1,0,1,1,2,2,0,2,2,1,1,0,0,0,0,0,1,1,0,0,0,0,2,2.4553712825627376
P286,2,2,1,0,2,1,1,0,1,2,1,0,0,1,0,0,0,1,1,0,0,0,0,2,3.071113897828956
P287,1,1,1,0,2,1,2,0,2,1,1,0,0,2,0,0,1,0,2,0,0,0,0,2,2.96957653064377
P288,1,2,1,1,1,2,1,0,2,2,2,0,1,1,1,1,1,1,2,0,0,0,0,2,3.553614764925239
P289,0,1,2,2,2,1,2,0,2,2,2,0,2,1,1,0,0,2,1,1,1,1,0,1,3.9092831029193325
P290,0,1,2,0,2,1,2,0,2,2,2,0,0,2,0,0,0,0,2,0,1,1,0,2,3.231673913143513
P291,1,1,0,0,0,1,1,0,2,2,0,0,1,1,0,1,0,1,2,0,0,0,1,2,1.9490939817285744
P292,1,1,2,0,1,1,2,0,1,2,1,1,0,0,0,0,0,0,2,0,0,1,1,1,2.6043153172987767
P293,0,2,1,0,1,2,1,0,2,1,0,0,1,2,0,0,0,0,2,0,0,0,0,2,2.700301580942155
P294,1,2,1,0,2,2,1,0,2,1,0,0,0,2,1,0,0,1,2,0,0,0,0,2,3.363413086009362
P295,2,1,1,1,2,1,2,0,2,1,2,1,0,2,0,0,0,1,1,0,0,1,0,2,3.3712090111747472
P296,1,0,1,0,1,2,2,0,2,2,0,0,1,2,0,0,0,1,2,0,0,0,0,2,2.791632838648813
P297,0,2,1,0,0,2,2,0,2,2,1,0,0,1,0,0,0,0,1,0,0,1,0,2,2.4386235851039575
P298,1,2,1,1,2,2,2,0,2,2,0,0,0,2,0,0,1,1,2,0,0,0,0,0,3.6970948788341276
P299,1,1,2,1,1,1,2,0,2,2,2,1,0,0,0,0,0,0,1,0,0,0,1,2,2.6463551715353275
P300,0,2,1,0,2,1,2,0,2,2,1,0,1,0,1,0,1,2,2,0,0,0,0,2,3.112625150080131
P301,2,1,1,0,2,1,1,0,2,2,1,0,1,1,0,0,1,2,2,0,0,0,0,2,3.543824646057802
P302,1,2,0,0,1,2,2,0,2,2,0,0,0,1,0,0,0,0,2,0,0,0,0,2,2.698819857090463
P303,1,1,0,1,1,1,2,0,1,2,1,0,2,1,1,1,0,2,2,0,0,0,0,2,2.450749069657919
P304,0,1,0,0,1,2,1,1,2,2,0,0,2,2,0,0,0,1,2,0,0,0,0,2,2.134724863724656
P305,1,2,2,0,2,2,1,0,2,1,0,0,0,1,1,1,0,2,2,0,0,0,0,2,3.7325722945188846
P306,2,1,0,1,2,2,2,0,2,2,1,1,0,1,1,0,0,2,1,0,1,1,0,2,3.6912406954963024
P307,2,1,1,1,2,1,2,0,2,2,2,0,0,0,0,0,0,1,2,0,0,0,0,2,3.1450404780630588
P308,1,1,1,1,2,1,1,0,1,2,1,0,1,2,1,0,0,1,2,0,0,1,0,2,2.816789224164571
P309,1,2,2,1,1,2,2,0,2,1,1,0,0,0,0,1,0,1,2,0,1,1,0,2,3.6267978948858426
P310,1,2,1,0,1,2,2,0,2,2,1,0,0,1,0,1,1,0,1,0,1,0,0,2,3.5284111314850013
P311,0,1,0,0,2,1,1,0,2,1,0,0,0,2,1,0,0,2,1,0,0,1,0,2,2.174152994489031
P312,2,2,0,1,1,1,1,0,2,1,1,0,0,2,1,0,1,2,1,0,0,0,0,2,3.0427556321679896
P313,1,0,1,1,1,0,2,0,2,2,0,0,0,1,1,0,1,1,1,0,0,0,0,2,2.088366409147775
P314,1,0,1,2,2,1,1,0,2,1,1,0,0,2,1,1,0,1,2,0,0,0,0,2,2.546305614840717
P315,1,1,1,0,2,1,2,0,2,1,2,0,0,2,1,1,0,1,2,0,0,0,1,1,3.054250318831505
P316,1,1,1,0,1,1,0,0,1,2,0,1,0,2,1,0,0,1,1,0,0,0,0,2,2.339332595076165
P317,1,2,1,0,2,2,1,0,2,2,2,0,1,0,1,1,0,1,2,0,0,0,0,1,3.7201517634040915
P318,2,1,1,2,1,2,1,0,1,2,0,0,0,1,0,1,0,1,1,0,0,1,0,2,2.7513450056953612
P319,0,1,1,0,2,1,2,0,2,2,2,0,0,0,0,1,1,0,2,0,0,1,0,2,2.7037301149593422
P320,1,1,2,0,1,1,2,0,2,2,1,0,0,0,1,0,0,0,1,0,0,0,0,2,2.7781370889332484
P321,2,2,1,0,2,2,2,0,2,1,1,0,0,1,2,0,0,0,2,0,0,0,0,2,3.83217787946232
P322,1,1,2,0,2,2,2,0,1,2,2,0,1,1,0,1,0,0,1,0,0,0,0,2,3.328741249681988
P323,0,1,0,0,2,1,2,0,2,2,0,0,1,2,1,0,0,1,2,0,0,0,0,2,2.418697418429869
P324,0,2,1,1,1,1,2,0,1,2,1,0,0,1,0,1,0,1,1,0,0,0,0,2,2.1232079190102136
P325,1,1,1,0,2,2,2,0,2,2,1,0,2,1,2,1,0,2,2,0,1,0,0,2,4.037597229356243
P326,2,2,1,0,1,1,2,0,1,2,0,0,0,1,1,0,0,0,2,0,0,0,0,2,2.9238452930581413
P327,0,1,1,1,2,2,1,0,2,2,2,0,1,2,0,0,1,1,2,0,0,0,0,2,3.0786303180406853
P328,1,2,1,0,1,2,2,0,0,2,1,0,1,2,1,2,1,1,2,1,0,0,0,1,3.74815715061237
P329,0,1,1,0,2,1,1,0,2,2,1,0,1,2,1,1,1,1,2,0,0,0,0,2,2.9782615556113465
P330,0,0,2,0,2,2,1,0,2,1,1,0,2,1,0,0,1,0,2,0,0,1,0,1,3.1878702581301774
P331,0,2,2,1,2,2,1,0,2,2,2,0,1,1,1,0,0,1,1,0,0,0,0,2,3.413329842734508
P332,0,0,1,1,2,2,1,0,1,2,0,0,0,1,0,1,1,2,2,0,0,0,0,1,2.388293036021032
P333,0,2,0,1,2,1,2,0,2,2,2,0,0,0,1,0,0,1,2,0,1,1,0,2,2.7550651666004264
P334,1,0,0,1,1,2,2,0,2,2,1,0,0,1,0,0,0,1,2,0,0,0,0,2,2.2342499766292954
P335,1,2,2,1,2,2,2,0,2,2,1,0,0,2,1,1,1,1,2,0,0,1,0,2,4.149035650177964
P336,2,2,0,1,2,2,2,0,1,2,1,0,0,1,1,1,1,2,1,0,0,0,0,2,3.4472264081144255
P337,1,0,0,0,2,1,1,0,2,2,0,1,2,2,1,1,0,1,0,0,0,0,0,2,2.6635026361262004
P338,0,1,1,0,2,2,1,0,2,2,1,0,0,2,1,0,0,1,2,0,1,0,0,2,3.146191254205338
P339,2,1,1,1,2,2,1,0,2,2,1,0,0,1,1,0,0,1,1,0,0,0,0,1,3.483737096020283
P340,0,1,2,0,1,2,2,0,2,2,1,0,0,1,0,0,0,1,2,0,1,0,0,2,3.092700457199269
P341,0,2,1,0,2,1,2,0,2,2,2,0,0,2,0,1,0,1,1,0,0,0,0,2,2.9142392594217816
P342,1,2,2,0,2,2,2,0,2,2,0,0,0,0,0,0,1,0,1,0,0,0,1,2,3.4163267726812308
P343,1,1,1,1,2,2,2,0,2,2,2,0,0,2,0,0,0,1,1,0,0,0,0,2,3.1586163379785983
P344,2,1,1,1,0,0,1,0,2,2,1,0,0,2,1,0,0,1,2,0,0,0,0,2,2.485346597359081
P345,2,1,1,0,1,1,2,0,2,1,1,0,0,0,0,0,0,1,2,0,0,0,0,2,2.8117205634484255
P346,2,1,1,0,1,1,2,0,2,2,0,0,0,1,0,1,0,0,2,0,1,0,0,2,3.2033769282330478
P347,1,1,1,1,1,1,2,0,2,2,1,1,1,1,1,0,0,2,1,0,1,0,0,1,3.2440905662269603
P348,2,0,0,0,2,2,2,0,2,1,1,0,0,1,1,1,0,2,2,0,0,0,0,2,3.1146457278306086
P349,1,2,0,0,1,2,2,0,2,2,1,0,0,0,0,1,1,1,2,0,0,0,0,2,2.992882764237526
P350,1,1,0,1,1,0,2,0,2,2,1,0,0,1,1,1,0,0,2,0,0,0,0,2,2.0359078879599726
P351,2,2,2,0,2,1,1,0,2,1,1,0,1,0,0,0,0,1,2,0,0,0,0,2,3.7063386873685618
P352,0,1,2,0,2,1,2,0,2,2,1,1,0,1,0,0,2,0,2,0,0,0,0,2,3.186535087013863
P353,1,1,1,0,2,1,1,0,1,2,2,0,1,1,0,0,1,1,2,0,0,1,0,2,2.947583303033495
P354,0,1,0,0,1,1,2,0,2,2,1,1,1,2,2,0,0,1,1,0,0,1,0,2,2.4552912496047044
P355,1,2,0,0,1,2,2,0,1,2,1,2,1,2,0,0,0,0,1,0,0,0,1,1,2.839027919100133
P356,1,1,1,1,1,2,1,0,2,2,2,1,0,1,1,0,1,2,1,0,0,0,0,2,3.1912144278266807
P357,1,1,1,1,2,2,2,0,2,2,1,0,1,0,0,0,0,2,1,0,0,1,0,0,3.3509140144670737
P358,1,1,0,1,1,2,2,0,2,0,1,0,0,1,0,0,2,1,1,0,0,0,0,2,2.5783266844337005
P359,0,1,1,1,1,2,2,0,2,1,1,0,0,2,0,1,1,0,2,0,1,0,0,2,2.885177990926267
P360,1,2,0,0,2,2,1,0,2,2,1,0,0,1,0,1,0,1,2,0,0,0,0,2,3.10035968280173
P361,1,2,0,0,1,1,1,0,2,2,2,0,0,1,0,1,1,1,1,0,1,0,0,2,2.9933190567489922
P362,0,1,2,0,2,2,2,0,2,2,0,1,0,1,0,1,0,1,2,0,0,0,0,2,3.2161438007661936
P363,2,1,0,0,2,2,2,0,2,2,1,0,0,1,0,0,0,1,1,0,0,0,0,2,3.141257819124884
P364,1,1,0,0,2,2,2,0,1,2,0,0,0,1,1,2,0,0,1,0,0,0,1,2,2.428268007431087
P365,1,0,0,0,1,2,1,0,2,2,2,0,1,2,0,0,0,1,2,0,0,0,0,2,2.548261057672651
P366,1,0,1,1,1,1,2,0,1,2,1,0,0,0,1,1,0,2,2,0,1,0,0,2,2.3983886176888802
P367,2,2,1,1,1,2,2,0,1,2,1,0,0,0,0,0,0,2,2,0,0,0,0,2,3.1462211726307836
P368,0,1,2,0,2,1,2,0,2,2,1,0,0,2,2,0,0,1,1,0,0,1,0,2,3.0687647428767892
P369,1,1,2,1,2,1,2,0,2,2,0,1,0,1,0,0,2,1,2,0,0,0,0,1,3.5745755346654917
P370,0,1,0,0,2,2,1,0,2,2,0,1,0,2,1,0,1,0,2,0,0,0,0,2,2.7160374295624066
P371,1,1,1,0,1,1,2,0,2,2,0,0,1,2,0,0,0,1,2,0,0,0,0,1,2.85983755926981
P372,1,1,1,0,2,2,2,0,2,2,1,0,1,2,0,0,0,0,2,0,1,0,0,2,3.58520781022913
P373,2,2,0,1,2,1,2,0,2,1,0,0,0,1,2,0,1,1,1,0,0,0,0,2,3.232500243203884
P374,0,1,1,1,1,2,2,0,1,2,1,0,0,1,1,0,0,1,1,0,0,0,0,2,2.15933277658071
P375,2,1,2,0,1,2,1,0,1,1,0,0,1,1,0,1,0,1,1,0,0,1,0,2,3.2831399916695014
P376,1,2,0,0,2,2,1,0,1,2,1,0,0,2,1,0,1,1,2,0,0,0,0,2,3.089315538654291
P377,1,1,0,0,2,1,2,0,1,1,0,0,2,1,0,0,0,0,0,0,1,0,0,1,2.5212105683664654
P378,0,1,1,0,2,2,1,0,2,2,1,2,0,2,1,0,1,0,1,0,0,1,0,2,3.226774039146531
P379,0,1,1,0,2,1,1,0,2,2,1,0,0,2,1,0,0,0,1,0,0,0,0,2,2.446365485148672
P380,1,1,1,0,2,2,2,0,2,2,2,0,1,1,0,0,0,1,2,0,0,1,0,2,3.4293877901593746
P381,1,0,2,2,2,2,2,0,2,2,2,0,0,2,0,0,0,1,1,0,0,0,1,2,2.9693628133511405
P382,1,2,1,0,2,1,2,0,2,2,1,0,1,1,0,1,2,1,2,0,0,1,0,1,3.836421387735518
P383,1,1,0,1,2,0,2,0,1,2,1,0,0,2,1,0,1,1,2,0,1,0,0,2,2.521881568068664
P384,1,1,0,1,2,1,1,0,1,2,1,0,1,0,1,0,0,2,2,0,0,0,0,2,2.311358124715888
P385,0,0,0,1,1,1,2,0,0,2,0,0,1,0,0,1,0,2,2,0,0,0,1,2,0.9533611601823128
P386,1,1,1,1,2,2,2,0,2,2,1,0,1,2,2,0,1,1,1,0,1,0,0,2,3.85034021565304
P387,0,0,1,0,2,2,1,0,2,2,1,0,0,2,0,1,0,1,2,0,0,0,0,2,2.6004896727204616
P388,2,1,1,0,1,2,2,0,2,2,1,0,0,2,0,0,1,1,2,0,1,0,0,2,3.8092391372224235
P389,1,2,1,1,2,2,2,0,2,1,1,0,2,1,0,0,1,2,2,0,0,0,0,0,3.936989536012882
P390,1,1,1,0,2,2,2,0,2,2,2,1,1,1,0,1,0,0,2,0,1,0,0,1,3.8681452912183776
P391,2,1,0,1,2,2,0,0,2,2,1,0,1,2,0,0,0,0,2,0,0,1,0,2,3.217668900168239
P392,0,1,2,1,2,2,2,0,2,2,2,0,0,1,1,0,1,1,0,0,1,0,1,2,3.2867452115824913
P393,2,0,1,0,2,2,2,0,1,2,1,0,1,1,0,0,0,1,1,0,0,1,0,2,3.115945943112738
P394,0,1,2,0,2,2,2,0,2,0,1,0,0,2,0,2,0,0,1,0,0,0,0,1,3.110670034459236
P395,1,1,0,0,2,2,2,0,2,2,0,0,0,1,0,0,0,1,1,0,0,1,1,1,2.680473465195223
P396,2,0,2,0,2,2,2,0,1,1,0,0,0,1,1,0,0,0,2,0,0,0,0,1,3.2585903667165526
P397,2,0,0,0,1,1,2,0,2,1,2,0,0,2,0,0,0,1,2,0,0,0,0,2,2.499365918749551
P398,1,1,2,0,2,0,2,0,2,2,1,1,0,2,0,2,1,2,2,0,0,0,1,2,3.355731583845227
P399,1,2,1,2,1,2,1,0,2,2,2,0,0,2,0,0,1,0,1,0,0,2,1,1,3.171869828274937
P400,1,1,1,2,2,1,1,0,2,2,1,0,0,2,0,0,1,2,2,1,0,0,1,2,3.2028201335231565
P401,0,1,0,1,2,1,2,0,2,2,0,0,1,1,0,0,0,0,2,0,0,1,0,1,2.2373964572083875
P402,1,1,1,0,1,1,2,0,1,2,2,0,1,2,0,1,0,0,0,0,0,0,0,2,2.4924584879029075
P403,2,1,2,1,2,2,2,0,2,2,0,0,0,0,0,1,0,1,0,0,0,0,0,1,3.6157274762516667
P404,1,2,0,1,1,2,2,0,1,1,1,0,0,1,1,0,0,2,2,0,0,1,0,2,2.6182493438415175
P405,1,0,1,2,2,2,1,0,2,1,0,1,2,1,1,1,1,2,2,0,0,0,0,2,3.3056996113781634
P406,0,2,2,0,1,1,1,0,2,2,1,0,1,1,1,0,0,1,2,0,0,0,0,2,2.9579697232633926
P407,0,1,0,1,1,2,2,0,2,2,1,0,0,2,0,0,0,1,2,0,0,0,1,2,2.046662020110467
P408,1,0,0,0,2,1,2,0,2,1,1,0,0,2,0,1,2,0,2,0,0,0,0,2,2.6399159648138184
P409,1,1,1,0,2,1,2,0,2,2,2,0,0,0,0,0,0,1,2,0,0,1,0,2,2.9091367257462286
P410,0,1,1,1,2,1,2,0,2,2,0,1,0,1,0,0,0,2,2,0,0,1,1,1,2.518790814027296
P411,0,1,2,1,0,2,2,0,2,1,1,1,1,2,0,1,0,1,1,0,0,0,0,1,2.8623121472085047
P412,1,1,2,2,1,2,2,0,1,2,1,0,0,2,0,0,0,1,1,0,0,0,0,2,2.7777059172113883
P413,1,1,0,0,2,2,2,0,1,1,2,0,1,0,1,0,0,0,2,0,0,0,0,2,2.607903114896997
P414,2,0,1,1,2,2,1,0,2,1,2,1,1,2,1,1,0,1,2,0,0,0,0,2,3.643437162646587
P415,1,2,0,0,2,2,2,0,2,2,0,0,0,2,0,0,0,1,2,0,0,0,0,2,3.1164309037421836
P416,1,1,0,1,2,1,2,0,2,1,2,1,0,2,0,0,0,0,2,0,0,0,0,2,2.6127796147325673
P417,0,0,0,1,1,2,2,0,2,1,0,0,0,2,0,0,1,1,1,0,0,1,0,2,1.9401321052171836
P418,0,2,0,0,1,2,1,1,2,2,0,0,0,2,0,1,0,2,0,0,0,1,0,2,2.1809604581172026
P419,1,2,2,0,2,2,2,0,2,2,0,0,1,2,0,0,0,1,1,0,0,2,0,2,3.9441705816089105
P420,0,1,0,0,2,0,2,0,2,2,1,1,0,0,0,1,0,1,1,0,1,0,0,2,2.1881203528914095
P421,0,1,0,1,1,2,2,0,0,2,1,0,0,1,0,1,0,0,1,0,0,0,1,2,1.3183742662288744
P422,2,2,1,1,2,2,2,0,1,2,1,0,0,1,0,1,0,0,2,1,0,0,1,2,3.694965924687892
P423,1,2,2,0,2,2,1,0,2,1,2,1,1,2,0,0,0,2,2,0,0,0,0,2,4.069762499300448
P424,2,1,1,0,0,1,2,0,2,2,1,0,0,0,2,1,1,1,1,0,0,2,0,2,3.1397470952136217
P425,0,1,1,0,2,1,2,0,1,2,0,0,0,1,0,0,0,0,1,0,0,0,0,2,1.9733272244424889
P426,2,1,0,0,1,2,2,0,2,2,1,0,0,2,0,1,0,1,2,0,1,0,1,0,3.4329527556791537
P427,2,2,1,1,1,1,2,0,2,1,1,0,0,1,0,0,0,2,2,0,0,0,0,2,3.1553536561940563
P428,1,2,2,0,2,1,2,0,2,2,0,0,1,2,1,0,0,1,1,0,0,0,0,2,3.6189845222319437
P429,2,1,1,0,2,2,1,0,2,2,2,0,1,2,1,0,0,1,2,0,0,0,0,2,3.8606508609487267
P430,1,1,2,1,2,1,1,0,2,2,1,0,0,1,1,0,0,0,1,0,0,0,0,2,2.9694284459750255
P431,2,2,2,1,0,2,2,0,2,2,0,1,0,2,1,0,0,0,2,0,0,0,0,2,3.699010141202648
P432,0,2,1,0,1,2,2,1,2,2,1,1,0,2,0,0,0,1,2,0,0,1,0,2,2.78222393529821
P433,1,2,0,0,0,2,1,0,2,2,2,0,0,0,0,0,0,0,2,0,0,1,0,2,2.487965066250244
P434,1,0,1,0,1,2,2,0,2,2,1,0,0,2,0,0,1,0,2,0,0,0,0,2,2.823926686277413
P435,0,1,2,1,2,2,1,0,2,2,1,0,0,1,0,0,0,0,1,0,1,0,0,2,3.0440619448267787
P436,2,1,1,0,2,2,1,0,2,2,0,1,1,2,0,0,0,1,2,1,0,0,0,2,4.160078594377639
P437,1,2,0,0,2,2,1,0,1,2,1,0,0,0,0,0,0,1,1,0,1,0,0,2,2.830936656840675
P438,0,0,1,1,2,2,1,0,2,2,1,0,1,1,0,0,0,1,2,0,0,1,0,2,2.54890008376511
P439,0,1,1,2,1,2,2,0,1,2,1,0,0,0,1,2,0,1,2,0,1,0,0,1,2.5843301735127424
P440,0,1,0,1,1,2,0,0,1,2,2,0,0,2,0,1,0,0,0,0,0,0,0,1,1.793199663245645
P441,1,2,0,0,1,2,2,0,1,2,2,1,0,1,0,1,0,1,2,0,0,0,0,2,2.842727825737019
P442,1,1,1,0,2,1,1,0,1,1,2,0,0,1,1,0,0,1,1,0,0,1,0,1,2.6654977629950762
P443,1,0,1,0,0,0,2,0,2,2,0,0,0,2,1,0,0,1,2,0,0,0,0,2,1.9221809732370745
P444,1,1,2,0,1,2,2,0,2,1,1,0,1,2,0,0,1,2,1,0,1,0,0,1,3.8740887281307743
P445,0,1,1,1,1,1,2,0,1,2,1,0,0,1,0,0,1,0,2,0,0,0,0,2,1.9536604856826099
P446,2,0,1,0,1,1,1,0,2,1,1,1,1,1,0,0,0,0,2,0,0,0,0,2,2.7708369939568787
P447,1,1,1,1,2,2,2,0,2,2,1,0,1,1,0,1,1,1,1,0,1,0,0,1,3.737429074627234
P448,0,1,1,1,2,2,1,0,2,2,2,2,0,0,0,0,1,0,1,1,1,2,0,2,3.6831389362472646
P449,2,1,2,0,1,2,2,0,2,2,0,0,0,2,0,1,0,2,1,0,0,0,0,2,3.6870059087095104
P450,1,1,0,0,2,1,2,0,2,2,1,0,0,1,0,0,1,0,2,0,1,0,1,2,2.7556604444535235
P451,1,2,1,1,1,2,2,0,2,1,1,0,0,2,1,1,0,0,1,0,1,0,0,2,3.3856393563750258
P452,2,0,0,0,2,1,2,0,2,2,0,0,0,1,1,0,0,1,2,0,0,1,0,1,2.8504638802251674
P453,1,1,1,0,2,1,2,0,2,1,0,0,0,0,1,1,0,1,1,0,0,0,0,2,2.707249519699558
P454,1,1,1,0,2,2,1,0,2,2,1,1,0,2,0,0,0,2,2,0,0,1,0,1,3.5234812957198
P455,1,1,0,0,2,2,2,0,1,2,2,0,0,1,0,0,0,0,2,0,0,0,0,1,2.645338267150059
P456,2,0,0,1,2,0,2,0,2,2,1,0,0,1,1,0,0,1,2,0,0,0,0,2,2.399106891130521
P457,1,1,2,1,2,1,2,0,2,2,1,0,0,1,0,0,0,0,2,0,0,0,0,1,3.119059746830126
P458,0,2,1,1,2,1,2,0,2,2,2,0,0,2,0,0,0,1,1,0,0,2,0,2,2.8858565563694114
P459,2,1,1,1,2,2,1,0,2,2,0,0,1,1,1,1,0,1,1,0,0,0,0,2,3.540279640008273
P460,2,0,1,1,2,2,2,0,1,2,2,0,1,0,0,1,0,2,2,0,0,0,0,1,3.2631162028317098
P461,1,1,2,0,2,2,1,0,2,2,0,0,0,1,1,0,1,1,2,0,0,0,1,2,3.4122415162962043
P462,1,1,0,0,1,2,2,0,2,2,1,0,2,2,0,0,1,0,2,0,0,0,0,1,3.1420234940423564
P463,1,0,0,0,2,2,1,0,2,2,1,0,0,0,2,1,0,1,1,0,0,1,0,2,2.6616389410087598
P464,1,1,1,1,1,2,1,0,2,2,2,0,0,1,0,1,1,2,2,0,1,0,0,1,3.484883562352309
P465,0,2,1,0,2,2,2,0,2,2,0,0,1,2,2,0,0,0,2,0,0,0,0,1,3.3997222946887344
P466,0,2,1,0,2,2,2,0,2,2,1,2,0,0,1,0,0,1,0,0,0,0,0,2,3.1330035055277983
P467,0,2,0,1,2,2,1,0,2,0,2,0,0,1,0,0,0,1,2,0,0,0,0,2,2.453241889528981
P468,0,2,1,0,0,1,2,0,1,2,0,0,0,1,0,1,0,1,2,0,0,0,0,1,2.0440461401599306
P469,2,1,1,0,1,1,1,0,2,1,0,0,0,2,0,0,0,1,2,0,0,0,0,2,2.8511798819209475
P470,2,2,1,1,0,1,1,0,2,2,1,0,1,2,0,1,0,0,1,0,2,1,0,2,3.6224347999210607
P471,1,0,1,1,1,2,2,2,2,2,0,0,0,2,0,1,0,1,2,0,0,1,0,2,2.155829544747469
P472,1,0,1,1,1,1,2,0,2,2,1,0,2,1,0,0,1,1,2,0,0,0,0,1,2.799939495850726
P473,2,1,0,0,2,1,2,0,1,2,2,1,0,1,1,0,0,1,2,0,0,0,0,2,2.948399418004416
P474,0,0,1,0,2,1,1,0,1,2,1,0,0,1,0,0,0,1,1,0,0,0,0,2,1.7758605673126842
P475,1,1,1,0,0,1,1,0,2,1,0,2,0,1,2,0,0,1,1,0,0,0,0,1,2.5827003246248954
P476,1,2,2,1,2,2,2,0,2,2,1,0,0,2,0,1,1,1,1,0,0,0,0,1,4.000125179150864
P477,0,1,0,1,2,2,2,0,2,1,0,1,1,1,1,1,1,1,2,0,0,0,0,2,2.8192311855021304
P478,1,2,1,0,0,1,2,0,2,2,1,0,1,1,0,1,0,1,2,0,0,0,0,1,2.9284494255593954
P479,2,2,1,1,2,1,2,0,2,2,2,0,0,2,0,1,0,1,0,0,0,0,0,2,3.5261030198669427
P480,2,0,1,1,2,2,2,0,2,2,1,0,0,0,1,0,0,1,2,0,0,0,0,2,3.1889653356335548
P481,1,2,0,1,2,1,1,0,2,2,2,0,0,1,0,1,0,1,2,0,0,0,0,2,2.8076807405680677
P482,1,0,1,0,0,2,0,0,2,2,1,0,0,0,1,0,0,1,1,0,0,1,0,2,2.2128940231611787
P483,0,0,1,0,1,2,1,0,0,2,1,0,0,0,0,0,0,2,1,0,0,0,0,2,1.4935668176085932
P484,1,2,0,1,1,1,1,0,2,2,0,0,0,2,0,0,0,0,2,0,0,0,0,2,2.3502900535249975
P485,2,1,0,0,2,1,2,0,2,2,1,0,1,2,0,1,0,1,2,0,0,0,0,2,3.2501120402068335
P486,1,0,0,0,2,0,2,0,2,2,1,2,1,0,1,0,0,1,2,0,0,0,0,2,2.4020527777235188
P487,1,1,1,1,2,1,1,0,2,2,1,0,0,1,0,1,0,2,2,0,0,1,0,2,2.9212445128882396
P488,1,1,0,0,2,2,2,0,2,1,2,0,0,1,0,0,1,1,0,0,1,0,0,2,3.1025982566476924
P489,1,1,1,0,1,2,2,0,0,1,1,1,1,1,0,0,0,1,1,0,0,0,0,2,2.430418563873878
P490,0,1,0,1,2,2,2,0,2,2,2,0,0,2,1,0,0,0,1,0,0,0,0,2,2.4861947286784294
P491,1,0,1,0,2,2,2,0,1,2,1,0,0,1,0,0,1,2,1,0,0,0,0,1,2.8474554368116762
P492,2,1,0,0,2,2,2,0,2,2,0,0,0,2,1,0,0,1,2,0,0,0,0,2,3.334639219869662
P493,1,1,0,1,1,0,1,0,2,1,1,0,0,1,0,1,0,0,1,0,0,1,0,2,1.7681565781161535
P494,1,0,1,0,2,1,2,0,2,0,1,0,0,1,0,0,0,0,2,0,0,0,0,1,2.4512293500404967
P495,1,0,0,0,2,1,2,0,1,2,0,0,1,2,0,0,0,0,2,0,0,0,1,2,1.9334477842412205
P496,2,1,0,0,1,2,2,0,2,1,1,1,0,2,0,0,1,1,2,0,0,0,0,2,3.2692518263346817
P497,2,1,1,1,2,1,1,0,2,2,1,0,1,2,1,1,0,0,1,0,0,0,0,1,3.4479716274922896
P498,1,2,0,0,2,1,2,0,1,2,0,0,1,1,1,1,0,0,2,0,0,0,0,2,2.700176313176202
P499,1,2,1,0,1,2,2,0,2,2,2,0,0,2,1,0,0,0,2,0,1,2,1,2,3.597995390699836
P500,0,0,0,0,2,0,0,0,1,1,2,0,0,1,0,0,0,0,1,0,0,0,0,2,1.0192734993879924
P501,0,1,0,1,2,2,2,0,2,2,0,0,2,2,1,1,1,1,1,0,1,0,0,1,3.2935382359803635
P502,0,0,2,0,2,1,1,0,1,2,0,0,0,1,0,0,1,1,2,0,0,0,0,2,2.258946786766419
P503,0,1,1,2,1,2,1,1,2,2,0,0,0,1,0,0,0,1,2,0,1,0,1,1,2.1123480746102765
P504,1,1,1,0,2,1,2,0,1,2,2,0,0,1,0,0,0,1,2,0,0,0,0,2,2.651609314843076
P505,1,0,2,2,2,2,2,0,2,2,0,0,0,1,0,0,0,1,2,0,0,0,0,2,2.9626136746829435
P506,1,2,0,1,2,1,1,0,2,2,0,0,0,1,2,2,0,2,2,0,0,0,0,2,2.9995597486505328
P507,2,1,0,1,1,2,2,0,2,2,1,0,0,2,0,0,0,0,2,0,0,1,0,2,2.9771868216917565
P508,0,2,1,1,1,2,2,0,2,2,1,1,0,2,0,0,1,0,2,0,0,0,0,2,3.0127210768281536
P509,0,0,2,0,1,1,2,0,1,0,1,0,1,2,0,1,0,1,1,1,0,1,0,2,2.537475158913292
P510,1,0,1,0,0,2,1,0,1,2,2,1,0,2,0,0,0,0,2,0,0,0,0,2,2.2468583084628726
P511,1,1,1,0,1,2,2,0,1,2,1,1,1,1,0,0,0,1,2,0,0,0,1,2,2.71873624348472
P512,2,1,0,0,0,1,2,0,1,2,0,0,1,1,0,0,0,1,2,0,0,0,1,2,2.044138481421685
P513,0,2,1,1,2,2,2,0,2,1,2,0,0,1,1,0,0,0,1,0,0,0,0,2,2.8818818569405766
P514,1,1,1,1,2,2,1,0,2,1,1,0,0,0,0,1,1,2,1,0,0,0,1,1,2.9768497263313245
P515,1,1,1,0,1,1,2,0,1,2,0,0,0,2,1,1,2,2,0,0,0,0,0,1,2.856972297622019
P516,1,0,1,1,1,2,2,0,2,2,1,1,0,2,0,1,1,1,0,0,0,1,0,2,2.9366501633591895
P517,1,2,1,2,2,2,2,0,2,1,2,1,0,2,0,0,0,1,2,0,0,0,0,2,3.461092209747569
P518,1,0,1,0,2,2,1,0,2,1,0,0,0,2,0,0,1,2,2,0,0,0,0,1,3.067566862608612
P519,1,0,2,0,1,2,2,0,2,1,0,1,0,1,0,0,0,0,2,0,0,0,0,2,2.8485633740008995
P520,2,1,0,1,1,2,1,0,2,0,2,0,1,2,0,1,0,1,2,0,0,1,0,2,3.0914909789224976
P521,0,1,0,0,2,2,2,0,2,2,1,0,0,1,0,1,0,1,1,0,0,0,0,2,2.452733017543594
P522,0,2,1,1,1,1,2,0,1,2,1,0,0,2,1,1,1,0,1,0,0,0,0,1,2.5027034670097907
P523,0,0,0,0,2,1,2,0,2,2,1,0,0,2,0,0,0,0,1,0,0,0,0,2,1.8508413421729513
P524,1,2,1,0,1,1,2,0,2,1,1,0,0,1,1,0,0,1,2,0,0,0,0,2,2.879442786733921
P525,1,1,0,1,1,2,2,0,2,2,1,2,0,2,0,0,0,0,2,0,0,0,0,1,2.877341695627274
P526,1,1,1,1,2,2,2,0,2,2,1,0,0,1,0,0,0,2,2,0,0,0,0,2,3.133725847784216
P527,2,1,0,0,2,2,2,0,1,2,1,0,1,2,1,2,1,0,0,0,0,0,0,2,3.3713559277426604
P528,1,1,1,0,1,1,2,0,2,2,2,0,0,0,1,0,0,0,2,0,0,0,0,2,2.614487390229343
P529,0,1,1,0,2,1,2,0,2,2,2,1,1,0,0,0,0,1,1,1,0,0,0,2,3.0621544909540366
P530,1,1,1,1,2,2,2,0,1,2,1,0,1,1,0,0,0,2,1,0,0,0,0,2,2.9113478067895837
P531,0,2,2,0,1,1,2,0,1,2,0,0,0,2,1,1,1,1,2,0,0,1,1,1,2.8772925449335816
P532,2,0,1,0,1,2,2,0,1,2,2,0,1,1,0,0,0,2,2,0,1,0,0,2,3.2824919030883457
P533,0,1,0,0,2,2,1,0,1,2,0,0,0,2,1,0,1,1,1,0,0,0,0,2,2.290527832260027
P534,2,1,0,0,2,2,2,0,2,2,0,0,0,2,1,0,0,1,1,0,0,0,0,2,3.257678178733534
P535,1,2,1,2,1,2,1,0,1,2,0,0,0,1,0,0,0,2,2,0,0,0,0,2,2.6234079105083357
P536,2,1,1,2,2,1,2,0,2,2,1,1,0,2,0,0,0,1,2,0,0,0,0,1,3.401808498465281
P537,0,1,0,1,1,1,2,0,1,2,0,0,0,1,0,0,1,0,2,0,0,0,0,2,1.5646497458425763
P538,0,1,1,0,2,1,2,0,1,2,2,0,0,2,0,2,0,1,2,0,0,0,0,2,2.525657093856757
P539,1,1,2,1,2,1,2,0,2,2,0,1,0,2,0,1,0,1,1,0,0,1,1,1,3.251554444852357
P540,1,1,1,0,1,2,2,0,0,2,0,0,1,1,1,1,0,1,2,1,0,0,0,1,3.0687682678629806
P541,1,0,1,0,2,2,2,0,1,2,1,1,0,1,1,1,1,2,2,0,0,0,1,2,2.981735521771364
P542,0,1,1,0,2,2,2,0,2,1,0,1,2,2,0,1,0,0,2,1,0,1,0,0,3.78413787684092
P543,2,0,1,1,1,1,1,0,2,2,0,0,0,1,1,0,0,2,2,0,0,0,0,2,2.660951962168323
P544,1,1,2,1,1,1,2,0,2,2,1,0,0,1,0,0,0,1,2,0,0,0,0,2,2.8410567785431913
P545,1,0,0,1,2,2,2,0,1,2,1,1,0,2,0,0,0,1,2,0,0,0,0,2,2.4300516949799436
P546,1,1,0,1,1,2,2,0,1,2,1,0,0,1,0,2,1,2,2,0,0,0,2,2,2.2886083858145128
P547,0,1,0,1,2,2,2,0,2,2,1,0,0,1,0,0,0,1,2,0,0,0,1,2,2.205994058679722
P548,1,2,2,1,2,2,2,0,2,2,2,1,1,1,0,0,0,1,2,0,0,0,0,2,3.988232408399489
P549,2,2,1,0,2,1,2,0,1,2,1,0,0,1,0,0,0,0,1,0,0,0,0,2,3.0804162904912693
P550,1,1,0,0,2,1,2,0,2,2,1,0,0,1,1,0,1,1,2,0,0,1,0,2,2.876260783992418
P551,0,2,1,1,2,1,1,1,2,2,1,0,0,1,0,0,0,0,2,0,0,0,0,2,2.2313704311436413
P552,1,2,1,0,2,2,2,0,1,1,0,0,1,1,0,1,0,1,1,0,0,0,0,2,3.1093757265422077
P553,0,2,2,0,2,1,1,0,2,2,2,1,1,1,0,2,0,2,1,0,0,1,0,2,3.544886280050554
P554,0,1,2,0,1,2,2,0,2,1,1,0,0,1,0,1,0,2,2,0,0,0,1,2,2.726154272218971
P555,0,1,1,1,2,2,1,0,2,2,2,0,1,1,0,0,0,2,2,1,0,0,0,2,3.2975739990594346
P556,0,1,1,1,1,2,1,0,2,2,0,0,0,2,1,0,1,0,2,0,0,1,0,1,2.7221557354834394
P557,1,0,1,1,1,1,2,0,2,2,1,0,1,1,0,0,1,2,2,0,0,0,0,2,2.6368168035622137
P558,1,2,2,2,1,1,2,0,2,2,0,0,1,2,0,1,0,1,2,0,0,0,0,1,3.3556125635773353
P559,1,0,1,0,2,2,2,0,2,2,1,0,0,2,0,0,1,1,2,0,0,0,0,1,3.237246951511977
P560,1,1,1,1,2,2,2,0,2,2,1,0,1,2,1,0,1,1,1,0,0,0,0,1,3.5760222970228237
P561,2,1,0,0,2,2,1,0,2,2,2,0,1,0,2,0,0,1,2,0,0,1,0,2,3.5181885897781826
P562,1,1,0,1,0,1,2,0,2,2,1,1,1,1,0,1,0,1,2,0,0,0,1,2,2.1495832852711065
P563,1,2,0,1,1,1,1,0,2,2,0,0,2,1,1,0,0,0,1,0,0,0,1,2,2.392852897139186
P564,1,1,1,0,2,1,2,0,1,2,1,0,0,2,0,0,0,0,2,0,0,0,0,2,2.6050608461735862
P565,2,1,2,1,1,2,1,0,2,2,1,0,1,2,0,0,1,2,2,0,0,0,0,2,3.9027822895622424
P566,0,1,1,0,2,1,2,0,2,1,1,0,0,2,0,1,1,1,2,0,0,0,0,2,2.73397277832694
P567,0,1,0,1,2,2,2,0,2,1,2,1,0,2,1,1,0,0,1,0,0,0,0,2,2.613045294843781
P568,1,2,1,1,2,1,2,0,2,1,0,0,1,2,1,1,0,2,1,0,0,1,0,2,3.3536133830984878
P569,2,0,2,2,1,2,2,0,2,1,1,0,0,2,0,0,0,1,2,0,0,0,0,1,3.2675857390504492
P570,0,1,1,0,2,1,2,0,2,2,2,0,0,1,2,1,0,1,1,0,0,0,0,1,2.8382045731457843
P571,1,0,0,2,1,2,2,0,2,2,0,0,2,2,0,0,0,1,2,0,0,0,0,2,2.4531840411839387
P572,0,1,0,0,2,2,2,0,2,2,2,0,0,1,0,1,0,1,2,0,0,1,0,2,2.671552707153537
P573,0,1,2,1,1,1,2,0,1,1,1,1,1,1,0,1,0,2,1,0,0,0,0,2,2.427925551397081
P574,0,1,1,0,2,1,2,0,1,2,0,1,0,2,0,0,0,0,2,0,0,0,0,2,2.276626707789346
P575,0,2,0,0,1,2,2,0,1,1,1,0,1,2,0,2,1,1,2,0,0,0,1,1,2.579665425343144
P576,2,2,0,1,2,2,2,0,2,2,2,0,1,0,0,1,0,1,2,0,0,0,0,1,3.690554285686506
P577,1,0,1,0,2,2,2,0,2,2,0,0,0,1,0,0,0,2,1,0,0,0,0,1,2.8929199405677655
P578,1,2,1,0,2,2,2,0,2,2,1,0,0,2,1,1,0,2,2,0,0,0,0,2,3.7504104718603566
P579,1,0,0,1,2,2,2,0,1,2,1,0,0,1,0,0,0,1,2,0,1,0,0,2,2.4737403899822747
P580,0,1,1,1,1,1,1,0,1,1,0,0,1,0,1,0,0,0,2,0,0,0,0,2,1.690569252203014
P581,0,2,2,1,2,1,1,0,2,2,2,1,1,1,0,0,0,1,2,0,0,0,0,1,3.331849422626221
P582,1,1,0,1,2,2,1,0,2,2,0,0,0,1,0,0,0,0,1,0,0,0,0,2,2.4554757287242963
P583,1,0,1,0,2,2,2,0,2,1,1,0,0,0,1,1,1,0,2,0,0,1,0,2,3.046739677079431
P584,0,1,0,0,2,1,2,0,2,2,1,1,1,2,1,0,0,0,2,0,0,1,0,1,2.7149450792234417
P585,1,1,1,0,2,2,2,0,2,2,1,1,0,1,1,0,0,1,2,0,1,1,0,2,3.7117914272080044
P586,1,1,0,0,2,1,2,0,2,2,1,0,0,2,0,1,0,1,2,0,0,0,0,1,2.816107095428199
P587,1,1,2,0,2,0,0,0,2,0,1,0,0,1,1,1,0,0,2,0,0,1,0,1,2.8342721581202417
P588,2,1,0,1,1,1,1,0,1,2,1,1,1,2,0,0,0,2,2,0,0,0,0,2,2.668316749343681
P589,1,0,0,1,2,1,2,0,2,2,1,0,2,2,1,1,0,0,2,0,0,0,1,2,2.5281988486543665
P590,1,1,0,1,1,0,0,0,0,2,1,0,0,2,1,1,0,0,2,1,0,0,0,2,1.8190477518515489
P591,0,1,2,1,2,2,2,0,2,2,1,0,0,1,1,0,1,1,2,0,0,0,0,2,3.2564401566416876
P592,2,2,2,0,1,2,2,0,2,2,1,1,0,0,0,0,1,2,2,0,1,0,0,2,4.394480692801518
P593,1,2,1,0,2,2,1,0,0,2,0,0,0,1,1,0,0,0,2,0,0,0,1,2,2.556264069504949
P594,1,0,1,0,2,1,2,0,2,2,1,1,1,1,0,1,0,1,2,0,0,0,0,2,2.95301419739081
P595,2,1,0,1,2,2,2,0,2,2,2,0,0,1,1,0,0,2,1,0,0,1,0,2,3.3643852958768385
P596,0,0,1,0,2,1,2,0,1,2,0,1,1,2,0,1,2,1,2,0,0,1,1,1,2.6333899579869584
P597,0,1,1,0,2,2,2,0,2,2,1,0,0,1,1,0,0,0,2,0,0,0,0,1,2.8811757282374346
P598,0,1,1,1,1,1,2,0,1,2,1,1,0,2,2,0,0,0,2,0,0,0,0,2,2.205104849024415
P599,1,1,1,2,2,2,2,0,2,2,1,0,1,1,0,0,1,0,2,0,0,0,0,2,3.2219849316893177
P600,0,1,1,1,1,1,2,0,2,0,1,0,0,2,1,0,0,0,2,0,0,1,0,2,2.1592486050390582
P601,1,1,0,0,1,2,1,0,1,1,2,0,0,1,2,0,1,2,1,0,0,0,0,2,2.5510289669098536
P602,2,1,1,0,2,2,2,0,0,1,2,0,0,2,0,0,0,1,1,0,2,0,0,1,3.6001168308741556
P603,0,1,0,2,2,2,2,0,1,2,1,0,0,2,1,1,0,2,2,0,0,1,2,1,2.178072171389509
P604,0,2,1,0,2,2,1,0,1,2,1,0,0,1,1,0,1,0,1,0,0,0,0,2,2.7789340082894114
P605,1,0,1,1,2,2,2,0,0,2,0,0,1,2,0,0,1,2,2,0,0,0,0,2,2.627390259506457
P606,0,2,1,0,1,2,2,0,1,2,0,0,0,1,0,0,1,1,2,0,0,0,0,2,2.5763623408575773
P607,1,1,1,1,1,1,2,0,2,2,0,1,1,2,1,0,0,1,2,0,0,1,0,2,2.9811152515671853
P608,2,0,1,0,1,2,2,0,1,2,2,1,1,1,0,0,1,2,2,0,0,0,0,1,3.4000268651464314
P609,2,0,1,1,1,1,2,0,2,2,2,0,0,1,1,0,1,1,1,0,0,1,0,2,2.9748664006458965
P610,2,1,2,1,1,1,2,0,2,2,2,0,0,1,0,0,1,1,1,0,0,1,0,2,3.4567312251490963
P611,0,1,1,0,2,0,1,0,2,2,0,0,0,2,0,0,0,2,1,0,0,0,0,2,2.126993660058315
P612,0,2,0,0,2,2,1,0,2,2,2,0,0,1,1,0,0,1,1,0,0,0,0,2,2.725646420679282
P613,1,0,1,1,2,1,2,0,2,2,2,0,1,2,1,1,0,0,1,0,0,0,0,2,2.860486604983113
P614,1,0,0,0,2,2,1,0,2,2,1,0,1,2,1,0,0,1,2,0,0,0,0,2,2.8240134558505567
P615,1,0,2,1,2,2,2,0,2,1,1,0,0,2,1,0,1,1,2,0,0,0,0,1,3.4794901749152833
P616,0,1,1,2,1,2,0,0,2,2,1,1,0,1,1,0,1,1,2,0,0,1,0,2,2.6500520270360357
P617,1,2,2,1,1,2,2,0,1,2,2,0,0,1,1,1,1,1,1,0,0,0,0,2,3.443484620156452
P618,1,1,0,0,2,2,2,0,2,1,2,0,1,2,1,0,1,1,2,0,1,0,0,2,3.5869026409037574
P619,1,2,2,0,2,2,1,0,2,2,1,0,0,2,0,1,0,0,2,0,0,0,0,2,3.7576326938123072
P620,1,0,2,0,2,1,2,0,2,2,2,0,1,1,0,0,0,0,2,0,0,1,0,1,3.2200160732116085
P621,1,1,1,0,2,2,2,0,2,2,1,0,0,1,1,1,0,2,2,0,1,0,0,1,3.753782563188769
P622,2,1,1,0,1,1,2,0,2,1,1,0,0,2,1,2,1,1,1,0,0,0,0,2,3.3502045002028455
P623,0,0,2,0,2,2,1,0,2,2,0,0,1,2,1,0,1,0,0,0,0,0,0,2,2.9381062424714806
P624,1,1,0,1,2,2,2,0,2,2,2,0,0,0,1,0,0,1,2,0,1,0,0,2,3.0954835966834278
P625,2,1,1,1,1,2,2,0,1,2,0,0,0,1,0,0,0,1,1,0,0,0,0,2,2.7603473983576743
P626,1,1,1,0,2,1,1,0,1,2,0,0,0,1,0,1,0,2,1,0,0,0,0,1,2.5899652794318033
P627,0,1,1,1,2,2,2,0,2,1,1,0,0,2,0,0,0,1,1,0,0,0,0,2,2.612976240946901
P628,2,0,1,1,1,1,2,0,2,1,1,0,1,1,0,0,0,0,2,0,0,0,0,2,2.6350697726866033
P629,0,2,0,0,2,1,2,1,0,2,1,0,1,1,2,0,0,1,2,0,1,0,0,2,2.1729309356430955
P630,0,2,1,0,2,1,2,0,2,1,2,2,1,1,1,1,1,1,2,0,0,1,0,2,3.540014158456212
P631,0,1,0,0,1,2,2,1,2,2,2,0,0,0,1,0,0,1,1,0,0,0,1,2,1.7482907991700145
P632,2,2,0,1,1,1,1,0,2,1,1,0,0,1,1,1,0,1,1,1,1,0,1,2,3.318409153452169
P633,1,0,1,0,2,1,2,0,2,2,0,0,0,0,1,1,0,2,1,0,0,1,0,2,2.666380248420749
P634,1,0,2,1,2,1,2,0,2,2,1,1,0,1,0,0,0,0,2,0,0,1,0,2,2.964362994855685
P635,0,2,1,0,2,1,2,1,2,2,1,2,0,2,0,0,1,0,2,0,0,0,1,1,2.843932013761645
P636,0,1,0,0,2,1,2,0,2,2,0,0,1,1,1,0,1,1,2,0,0,0,0,2,2.488901677103117
P637,1,0,1,1,1,2,2,0,1,2,1,1,0,1,0,0,0,1,1,0,0,0,0,1,2.4089683938931112
P638,1,2,0,0,2,1,1,0,2,2,0,0,0,2,0,0,2,0,2,0,0,0,1,2,2.8576611488537247
P639,2,1,2,1,2,2,1,0,2,2,1,0,0,2,2,1,1,0,1,0,0,0,0,2,4.078004587085557
P640,0,0,1,0,2,2,1,0,2,2,2,0,1,1,1,0,1,1,1,0,1,0,0,2,3.0910321496501254
P641,1,2,2,1,1,2,2,0,1,2,0,1,0,2,0,0,1,2,2,0,0,0,0,1,3.5797519705599683
P642,1,1,0,0,2,1,1,1,2,2,1,1,0,0,0,1,0,0,2,1,0,0,0,2,2.650985561055674
P643,1,0,1,0,1,1,2,0,2,2,1,1,0,1,1,1,0,0,2,0,1,0,0,2,2.8562887051856407
P644,0,0,1,1,2,2,2,0,1,2,1,0,0,2,0,0,0,1,2,0,0,0,0,2,2.2285717716229283
P645,2,0,1,0,1,2,2,0,2,2,2,0,0,0,0,1,1,0,1,0,0,1,0,2,3.1654663347970944
P646,2,0,1,0,2,2,1,0,2,1,1,0,2,2,0,0,0,0,1,1,0,0,0,2,3.749850624027907
P647,1,1,0,1,2,2,2,0,2,2,1,0,0,2,0,0,1,0,1,0,1,0,0,2,3.137488525355383
P648,1,2,1,0,2,2,1,0,2,2,0,0,0,2,0,0,1,0,2,0,0,1,0,2,3.5197950409236625
P649,2,1,0,1,2,2,0,0,2,2,1,0,0,1,0,0,0,1,1,0,0,1,0,1,3.0643137837136107
P650,1,0,0,2,2,0,0,0,2,1,1,1,0,2,0,1,1,1,2,0,0,0,0,2,2.0705874127105455
P651,0,2,1,1,1,2,2,0,2,2,1,0,0,2,0,0,0,1,2,0,0,1,1,1,2.782515071278975
P652,2,2,1,1,2,2,2,0,2,2,1,0,0,1,0,0,0,1,1,0,0,0,0,2,3.6367328234324083
P653,2,1,1,1,1,2,1,0,1,2,1,0,1,2,0,1,1,1,2,0,1,0,0,1,3.6781804946149603
P654,0,1,0,0,2,2,2,0,2,1,0,0,0,1,0,0,0,0,2,0,0,0,0,2,2.2196577139648554
P655,1,1,0,1,2,1,2,0,2,2,0,0,0,1,0,1,1,0,2,0,0,0,0,0,2.7537721040148004
P656,1,1,2,0,2,2,2,0,2,1,1,0,1,0,0,1,0,1,1,0,0,0,0,1,3.516910362731257
P657,1,0,1,0,2,2,2,0,2,2,0,0,1,1,0,0,0,1,2,0,0,1,0,2,3.0186235256918836
P658,0,0,0,1,2,2,2,0,1,1,1,0,0,2,1,0,0,1,2,0,0,0,0,2,1.9228935153461668
P659,2,0,2,0,1,1,2,0,2,2,1,0,0,1,0,1,0,0,1,0,0,1,0,2,3.050693873730217
P660,1,2,2,0,2,2,2,0,2,1,1,0,2,2,0,1,1,0,2,0,0,0,0,2,4.193454361935275
P661,1,0,0,0,2,1,2,0,2,2,2,0,0,2,0,2,0,1,1,0,0,1,0,1,2.700640438298395
P662,2,1,1,1,2,1,0,0,2,2,0,0,1,1,0,0,0,0,2,0,0,1,0,2,3.0777905179702856
P663,0,1,2,1,2,2,2,0,2,2,0,0,0,1,0,0,0,0,2,0,0,0,0,0,3.035795686660312
P664,2,1,0,2,1,2,2,0,2,1,1,1,1,0,0,0,0,1,1,0,0,0,0,1,2.9035373278746572
P665,0,1,0,0,2,0,2,0,2,2,1,0,0,2,1,0,1,0,0,0,0,1,0,2,2.0795488900263646
P666,1,1,1,0,1,2,2,0,2,1,1,0,2,1,0,0,0,1,1,0,0,0,0,1,3.100529526697126
P667,2,1,0,0,2,2,2,0,1,0,2,0,1,1,0,0,0,1,2,0,0,0,0,2,2.9746464679204037
P668,1,1,0,0,1,2,2,0,2,1,0,0,0,2,0,0,1,2,2,1,0,0,0,2,3.158529462438281
P669,2,2,0,1,1,1,2,0,2,2,0,0,1,1,1,0,2,2,2,0,0,0,0,2,3.418621611729705
P670,1,0,0,0,2,2,1,0,2,1,1,0,0,2,0,0,0,0,2,0,0,1,0,2,2.502763637430021
P671,1,1,1,1,2,2,2,0,2,2,2,1,0,2,0,0,1,1,2,0,0,0,1,2,3.3721200799987034
P672,1,0,0,1,0,2,2,0,2,2,1,1,0,2,0,1,1,2,1,0,0,0,0,2,2.444158246281704
P673,2,1,0,0,2,2,0,0,2,2,1,0,0,0,0,0,0,2,1,0,0,1,0,1,3.118362252383101
P674,0,2,2,0,2,1,2,0,1,1,1,1,1,2,0,0,0,2,2,0,0,0,0,1,3.207922653565775
P675,1,2,1,0,1,1,1,0,2,2,1,0,0,2,0,0,0,1,2,0,0,1,0,1,3.0473374886998292
P676,1,0,1,1,1,2,1,0,2,1,1,0,0,1,1,0,0,1,2,0,0,0,0,1,2.5722515572836424
P677,1,2,0,1,1,2,2,0,1,1,0,0,1,2,0,0,0,1,2,0,0,1,0,2,2.616152637742862
P678,2,1,0,1,1,2,2,0,2,2,2,0,0,2,1,0,0,1,2,0,0,0,0,1,3.2377163998832503
P679,0,2,2,1,2,1,2,0,2,2,0,0,1,0,0,0,0,0,1,0,0,0,0,2,2.7984329335545093
P680,0,2,1,0,2,2,1,0,2,2,0,0,0,1,0,0,1,1,1,0,0,0,0,2,2.962261419192564
P681,0,1,2,0,2,2,2,0,1,1,1,0,0,1,0,1,0,0,1,0,0,0,0,1,2.734358608662301
P682,1,2,2,0,2,1,2,0,2,2,1,1,0,2,1,0,0,1,1,0,0,0,0,2,3.6844508422631885
P683,2,1,1,0,2,2,2,0,1,2,0,0,0,2,1,0,2,1,2,0,0,0,0,2,3.69529989443118
P684,2,0,1,0,2,2,2,0,2,2,1,1,1,1,0,2,0,1,2,0,0,0,0,1,3.796474938802286
P685,1,2,1,0,1,0,2,0,2,1,2,0,1,1,0,2,0,1,1,0,0,0,0,2,2.7999545659349647
P686,1,0,1,0,2,2,2,0,2,2,2,0,0,2,0,0,0,0,2,0,0,0,0,0,3.1692932629477575
P687,1,1,2,0,1,2,2,0,1,2,1,0,0,2,0,0,0,1,2,0,1,1,0,2,3.3557527440343917
P688,2,2,0,1,1,1,2,1,2,2,1,0,0,2,1,0,0,1,2,0,0,1,0,1,2.9263603705908934
P689,1,1,0,1,2,1,2,0,2,1,1,0,1,2,0,0,0,1,1,0,0,0,0,1,2.629030300426177
P690,1,1,1,2,2,2,2,0,1,2,0,1,1,1,0,0,0,1,1,0,0,1,0,2,2.8864760691959876
P691,0,2,2,1,2,2,2,0,2,2,2,0,0,2,0,0,0,1,2,0,0,0,0,2,3.427489982631606
P692,2,2,0,1,1,2,2,1,2,2,1,1,0,1,0,0,0,0,2,0,0,0,0,2,2.925610520287511
P693,1,0,1,1,2,1,2,0,2,2,1,0,0,2,0,0,0,1,1,0,0,0,1,1,2.467892529664613
P694,0,2,0,0,0,2,2,0,2,2,1,0,0,2,0,0,0,1,2,0,0,0,0,1,2.3871034645915463
P695,1,0,1,1,0,2,1,0,2,2,0,0,0,2,0,0,1,1,1,0,0,0,0,2,2.327121034105391
P696,0,0,0,1,2,1,2,0,2,2,1,0,0,2,0,0,1,1,2,0,1,0,0,2,2.349302607473528
P697,2,2,2,0,1,2,1,0,2,2,2,0,1,1,0,0,0,1,2,0,1,0,0,2,4.262590424487081
P698,2,1,0,0,1,2,1,0,2,2,0,0,0,1,1,0,0,1,2,0,0,0,0,2,2.9077257805556282
P699,1,2,1,0,2,2,1,1,2,2,2,0,0,2,0,0,0,2,1,0,0,0,1,1,3.1423976081709446
P700,1,2,1,0,2,2,2,0,2,2,0,0,1,1,1,1,1,0,1,0,0,0,0,2,3.6738983348250054
P701,1,2,0,1,2,0,2,0,2,2,0,2,0,0,0,1,0,1,2,0,0,0,0,2,2.617809184479017
P702,2,1,2,0,2,2,1,0,1,2,0,0,0,1,0,0,0,1,2,0,0,0,0,2,3.4115003565712887
P703,2,2,0,0,2,2,2,0,2,2,1,0,0,2,0,0,1,1,2,0,0,0,1,2,3.5814077430104017
P704,0,0,1,1,2,2,2,0,2,2,1,2,0,2,0,0,0,1,2,0,0,1,0,2,2.8434658871432132
P705,1,2,0,0,1,2,2,0,2,2,1,0,0,0,0,1,0,0,2,0,0,0,1,1,2.6907290756733064
P706,0,2,0,1,0,2,0,0,2,1,0,0,0,2,0,0,0,0,2,0,0,0,0,2,1.832425639217253
P707,1,2,2,1,1,1,2,0,2,2,1,0,0,2,0,0,0,0,2,0,0,0,1,2,2.9710725743411923
P708,1,2,1,0,1,2,2,0,2,1,1,0,0,2,0,0,0,1,2,0,0,0,0,2,3.164621728967584
P709,0,1,0,1,1,1,2,0,2,2,1,0,0,1,1,1,0,1,2,0,0,0,0,2,2.003483077876805
P710,1,1,1,0,2,2,1,0,1,2,1,1,0,2,0,0,0,1,2,0,0,1,0,2,3.079624306625154
P711,1,1,1,2,2,1,2,0,2,2,2,1,0,1,0,1,1,0,1,0,0,0,0,2,3.007311268350773
P712,2,1,1,1,2,2,1,0,2,2,2,0,0,2,2,0,2,1,2,0,0,0,0,2,4.0655279753330404
P713,1,0,1,0,2,1,1,0,2,1,0,0,0,2,1,0,0,1,2,0,0,0,0,2,2.5535056148407174
P714,2,0,0,1,2,2,2,0,1,1,1,0,1,1,1,0,0,2,2,0,0,0,0,2,2.8055287279721046
P715,1,0,0,1,2,2,2,0,2,2,0,2,0,2,0,0,0,0,1,0,0,0,0,1,2.7184586083972357
P716,1,1,1,0,2,2,2,0,1,1,1,1,0,1,0,0,0,1,1,0,0,0,0,2,2.830477782105962
P717,1,2,1,1,2,1,1,0,2,1,1,0,0,2,0,0,0,0,2,0,0,0,0,2,2.907765315497559
P718,1,1,1,2,2,2,2,0,2,2,0,1,0,1,1,0,1,0,2,0,1,0,0,2,3.5043885687379484
P719,0,0,1,1,2,1,2,0,2,2,2,1,0,2,0,0,0,2,2,1,0,0,0,0,3.095607130104317
P720,2,1,1,1,1,2,2,0,1,1,2,1,0,2,1,0,1,1,1,0,0,0,1,2,3.1497327626092493
P721,1,2,1,0,2,2,2,0,1,2,1,0,0,0,0,1,0,1,2,0,0,0,0,2,3.1116423417399046
P722,1,2,1,0,2,2,1,0,2,2,0,0,1,1,0,1,0,0,2,0,0,1,0,2,3.480732365016922
P723,2,1,1,0,2,1,1,0,2,2,1,1,1,1,1,1,1,2,2,0,1,0,0,1,4.213209623868759
P724,1,1,0,2,0,2,1,0,2,1,1,0,0,2,0,0,0,1,1,0,0,0,0,1,2.1065018224013916
P725,2,1,1,1,1,2,1,0,2,2,1,0,1,1,0,0,1,1,2,0,0,0,0,2,3.425002721444068
P726,2,1,1,1,2,2,0,0,2,2,1,1,1,1,1,1,0,2,2,0,0,0,0,2,3.813166550888491
P727,1,1,1,0,2,2,2,0,2,2,1,1,1,2,1,0,0,1,2,0,0,0,0,1,3.700197162087782
P728,1,1,0,2,1,2,2,0,2,1,1,0,0,1,0,1,1,1,2,0,0,0,0,2,2.5762509833333076
P729,0,2,1,0,1,2,2,0,2,1,1,1,1,2,0,1,0,0,2,0,0,0,0,2,3.064490884484687
P730,0,1,1,0,2,2,2,1,2,2,2,0,0,0,0,0,0,1,2,0,0,0,0,2,2.4593946187154314
P731,2,1,0,1,2,1,2,0,2,2,0,0,1,2,1,0,1,2,2,0,0,1,1,2,3.2483539554363614
P732,2,0,1,1,2,1,1,0,2,2,0,0,0,2,0,1,1,1,2,0,0,0,0,2,3.0954499705456624
P733,0,1,0,1,2,2,2,0,2,2,2,0,0,1,0,0,0,1,2,0,0,0,1,1,2.371213457066891
P734,0,0,1,0,1,2,2,0,1,2,0,1,0,2,0,0,2,1,2,0,0,0,0,2,2.443486692610898
P735,0,1,1,1,2,1,2,0,2,2,2,1,0,2,0,0,0,2,1,0,0,1,1,0,2.7765593510826614
P736,1,0,2,0,1,2,0,0,2,1,1,1,0,2,1,0,0,1,1,0,0,0,0,2,2.9501592586749794
P737,1,2,0,0,2,2,2,0,2,1,0,0,0,2,0,0,0,2,2,0,1,0,0,2,3.3679389931880066
P738,0,0,0,0,2,2,2,0,1,2,1,0,0,1,1,0,0,1,1,0,0,0,0,2,1.9184999906467666
P739,1,2,1,1,2,1,2,0,2,1,1,1,0,1,0,0,0,0,1,0,1,0,0,2,3.2135105353126985
P740,1,0,0,0,2,2,2,0,2,1,0,0,0,1,1,0,1,0,1,0,0,0,0,2,2.5264194274337792
P741,0,0,1,2,1,2,2,0,2,1,1,0,2,2,1,0,0,0,2,0,0,0,0,2,2.3984062153227845
P742,1,0,1,0,2,2,1,0,2,2,1,0,0,1,1,1,0,1,2,0,0,1,0,2,3.053410721984921
P743,2,0,1,2,1,1,1,0,2,1,0,0,0,2,0,0,0,0,2,0,0,0,0,1,2.448776367366811
P744,0,1,1,0,2,2,2,0,2,2,1,0,0,2,0,1,0,1,2,0,0,1,0,1,3.0984930251850646
P745,1,1,1,0,1,1,2,0,2,2,1,0,1,2,0,1,0,1,2,0,0,0,0,2,2.9250181608826415
P746,2,1,1,0,2,0,1,0,2,2,0,0,0,1,1,1,1,1,1,0,1,0,0,1,3.4384207872435915
P747,1,0,0,0,2,2,2,0,2,2,2,1,1,2,1,1,1,1,2,0,0,0,0,2,3.353717197870662
P748,1,1,1,0,1,2,2,0,2,2,1,0,0,1,0,1,0,2,2,0,0,0,0,2,3.0427836294106347
P749,1,0,1,0,1,1,2,0,2,2,0,0,0,1,0,0,0,0,2,0,0,0,0,2,2.203723125761852
P750,2,1,2,0,2,1,2,0,2,2,1,2,1,1,1,1,0,2,2,0,0,0,0,2,4.209448693173524
P751,2,2,1,0,1,2,2,0,2,1,2,0,0,1,1,0,1,1,1,0,0,1,0,1,3.8713155739606577
P752,1,1,1,0,2,2,1,0,2,1,0,0,1,2,1,2,0,2,1,0,0,0,0,2,3.3955083712547163
P753,2,1,1,0,1,1,1,0,2,2,0,0,0,1,1,0,0,1,1,0,0,1,0,2,2.928055185499686
P754,0,0,2,1,1,0,2,0,2,2,1,0,0,1,1,0,0,2,1,0,0,1,1,2,1.90191760666722
P755,0,2,0,0,1,1,2,0,2,1,2,0,1,2,1,1,0,0,2,0,0,1,0,2,2.570641768282726
P756,0,1,0,2,2,1,1,0,2,2,1,0,0,1,0,0,0,0,1,0,0,0,1,2,1.6175343856999893
P757,1,1,1,0,1,2,0,0,2,2,0,0,0,2,1,0,0,2,2,0,0,0,1,1,2.854301305134197
P758,1,1,2,0,2,2,1,0,2,1,1,0,0,1,0,1,0,2,2,0,1,0,1,2,3.559124987460129
P759,2,0,0,0,2,2,2,0,2,2,1,0,0,2,0,0,0,1,1,0,0,0,1,2,2.814203734461718
P760,2,0,1,0,1,2,2,0,2,2,1,0,0,2,0,1,2,0,2,0,0,0,1,2,3.2967035255456305
P761,1,1,0,1,1,1,1,0,2,2,1,0,0,1,0,0,0,1,1,0,0,0,0,2,2.057513216590868
P762,1,0,0,0,2,2,2,0,2,2,1,1,0,2,0,0,0,0,2,0,0,0,1,1,2.660291387126959
P763,1,1,1,0,0,1,1,0,2,2,1,1,0,2,0,0,1,2,2,0,0,1,1,2,2.643512956829381
P764,1,0,2,2,2,1,2,0,2,2,2,0,0,2,0,1,1,1,1,0,0,1,0,2,3.1593569580688663
P765,2,2,1,0,1,1,2,0,2,2,1,1,0,2,1,0,0,1,1,0,0,0,0,1,3.591279683227388
P766,2,1,1,0,2,2,2,0,2,2,1,1,1,1,0,0,0,1,2,0,0,1,0,2,3.871478453356423
P767,1,0,0,0,2,0,1,0,2,1,1,0,0,1,0,1,0,1,1,0,0,1,0,2,1.9097931804960582
P768,0,1,2,0,2,2,2,0,2,2,1,0,0,1,0,0,0,1,2,0,0,0,0,2,3.0773155383597897
P769,2,1,0,0,2,1,2,0,2,2,1,0,0,2,0,0,0,1,2,0,1,0,0,2,3.298377235044735
P770,0,2,2,0,2,2,2,0,2,1,1,0,1,1,0,1,0,2,1,0,0,0,0,1,3.5569810546862426
P771,1,0,1,1,1,2,2,0,2,1,1,0,0,2,0,0,0,2,2,0,0,0,1,1,2.5568712468935857
P772,0,1,2,0,1,1,2,0,2,2,1,0,0,2,0,0,0,2,2,0,0,0,0,1,2.791482604417855
P773,1,1,1,0,2,1,1,0,2,2,0,0,1,2,0,0,1,0,2,0,0,0,1,2,2.8843551281238526
P774,2,1,0,1,1,2,2,0,2,1,1,0,0,1,0,0,0,0,2,0,0,0,0,2,2.7280402971725644
P775,2,0,1,0,2,2,1,0,2,2,1,0,0,2,0,1,0,1,1,0,0,0,0,1,3.3850728315527925
P776,1,1,1,1,0,2,1,1,1,2,0,2,0,2,1,1,0,1,1,0,0,1,1,2,2.203817270952593
P777,0,2,0,0,1,2,1,0,2,2,2,0,0,2,1,1,0,1,2,0,0,0,1,2,2.5652754232461543
P778,1,0,1,1,2,0,2,0,2,2,1,0,0,2,0,1,0,2,2,0,0,0,0,2,2.478313878653725
P779,1,1,0,0,2,2,1,0,2,2,1,0,0,1,0,0,1,1,1,0,0,0,0,1,2.935568214062853
P780,0,2,1,1,2,2,1,0,2,2,2,1,0,2,0,0,0,0,2,0,0,0,0,2,3.099087815588033
P781,0,2,1,0,1,1,2,0,2,2,0,0,0,1,0,0,0,1,2,0,1,1,0,1,2.839553086454048
P782,1,1,2,1,1,1,1,0,2,2,1,0,0,1,1,0,0,1,0,1,0,0,0,2,3.117593485765964
P783,2,2,0,0,2,2,1,0,2,2,1,0,0,1,1,0,0,0,0,0,0,0,0,2,3.2773515326506284
P784,0,0,0,0,2,2,2,0,2,1,1,1,0,1,1,0,0,2,2,0,0,2,0,1,2.6194858839905213
P785,1,0,1,1,0,2,1,0,2,2,1,1,0,1,0,1,1,1,1,0,0,0,0,2,2.5190391167074693
P786,2,0,1,0,2,0,2,0,2,1,0,0,0,0,0,0,0,1,1,0,1,1,0,2,2.7053443196716005
P787,1,2,0,0,2,2,2,0,1,2,0,0,0,2,1,0,0,2,2,0,0,1,0,2,3.0618794382604757
P788,0,1,1,0,1,0,2,0,2,2,1,0,0,1,0,0,0,0,2,0,0,0,0,1,1.9608654455922052
P789,1,2,1,0,2,2,1,0,1,2,2,0,0,1,0,0,1,2,2,0,0,0,0,1,3.4463839657466586
P790,2,2,1,0,1,1,1,0,1,2,1,0,1,2,0,0,1,0,2,0,0,0,0,1,3.3173800311619144
P791,2,1,1,1,1,2,2,0,1,2,0,0,0,2,0,1,0,0,2,1,0,0,1,1,3.290089020038314
P792,0,0,2,0,2,2,2,0,0,2,0,0,2,2,0,1,0,2,1,0,0,1,0,2,2.6855837097911177
P793,0,2,2,0,1,2,2,0,2,1,0,0,0,2,1,1,0,2,2,0,0,1,0,2,3.332597544768927
P794,0,0,1,0,2,1,2,0,2,2,1,1,0,2,0,0,0,2,2,0,0,0,0,1,2.5999780808903155
P795,2,1,2,0,2,0,2,0,2,2,1,0,0,2,0,1,0,0,2,0,0,0,0,2,3.3871339868042645
P796,1,0,0,1,1,1,1,0,2,2,0,0,0,1,1,0,1,1,2,0,0,1,0,2,2.1263932600152184
P797,1,1,0,1,1,2,1,0,2,2,1,1,0,1,1,0,1,1,1,0,0,1,1,2,2.642203687986647
P798,1,1,0,2,0,2,2,0,2,1,2,0,0,1,0,0,1,1,2,0,0,0,0,2,2.313808764959727
P799,1,1,1,1,1,0,2,1,1,2,1,0,0,1,1,0,1,0,2,0,0,0,0,2,1.867054124043917
P800,0,1,0,1,2,2,2,0,2,2,1,1,0,2,0,1,0,1,2,1,0,0,0,2,3.086442151717284
P801,0,1,1,0,2,2,2,0,2,2,1,0,1,1,1,0,0,1,2,0,0,0,0,2,2.997576920699239
P802,1,0,2,1,2,1,2,0,2,2,1,0,0,0,2,0,0,2,2,0,0,0,0,2,2.996303560727421
P803,1,1,2,0,2,2,2,0,2,2,1,0,1,1,2,1,0,0,1,0,0,0,0,2,3.7303405515242996
P804,1,1,2,2,2,1,0,0,2,1,1,0,0,1,1,0,0,1,2,0,0,0,1,2,2.709209398207788
P805,1,1,0,0,0,2,2,0,2,1,1,1,0,2,0,0,0,1,1,0,0,1,0,2,2.4545303760305694
P806,1,1,1,0,2,2,2,0,2,2,2,0,1,2,0,0,1,1,2,1,0,0,0,2,4.034663410794292
P807,1,1,1,0,2,1,1,0,2,1,1,2,0,2,0,0,0,2,1,0,0,0,0,2,3.047513831654378
P808,2,1,0,0,1,2,2,0,2,2,1,0,1,0,0,0,0,2,2,0,0,0,0,2,3.0756870529320803
P809,0,1,0,0,1,2,1,0,2,2,2,2,0,1,0,1,0,2,2,1,0,1,0,2,3.0817742717572845
P810,2,1,0,0,1,2,2,0,2,2,0,0,0,1,0,0,0,0,2,0,0,0,0,1,2.9127373918007855
P811,2,2,0,1,2,0,1,0,1,2,1,0,0,1,0,0,0,0,2,0,0,0,0,2,2.3987266084175727
P812,0,2,0,0,2,2,2,0,2,1,2,0,0,2,1,0,1,1,2,0,1,0,0,1,3.4152619605926136
P813,1,0,0,1,2,2,2,0,2,2,0,0,0,1,0,0,0,0,2,0,0,0,0,2,2.3470335465290617
P814,0,1,1,0,2,2,1,0,2,2,1,0,0,2,0,0,0,1,2,0,0,0,1,2,2.620853937187953
P815,2,2,0,0,2,1,2,0,2,1,1,0,0,1,1,1,0,2,2,0,0,0,0,1,3.445214712919097
P816,2,0,2,0,2,2,2,0,1,1,1,0,0,1,1,0,0,1,0,0,0,0,0,2,3.155507534530942
P817,0,0,0,0,1,1,2,0,2,2,2,0,0,0,0,1,1,2,0,0,0,0,0,2,1.7856494584797957
P818,0,0,0,2,1,1,2,0,1,2,1,0,0,1,1,1,0,0,2,0,0,2,0,2,1.4418985196494667
P819,2,2,0,0,2,2,0,1,2,1,1,0,0,1,0,1,1,1,2,0,1,0,0,2,3.476024921905828
P820,1,1,1,0,1,1,2,0,1,2,1,1,0,2,0,0,0,0,1,0,0,0,1,2,2.2444858490702813
P821,2,1,1,1,1,2,2,0,1,2,0,0,0,2,1,0,1,1,1,0,0,0,0,2,3.1164821964438976
P822,0,1,1,2,0,1,2,0,2,2,0,0,0,1,0,0,0,1,1,0,0,0,0,2,1.6534803784028047
P823,1,0,1,0,0,2,2,0,2,2,1,0,1,2,1,0,0,1,2,0,0,0,0,1,2.7975201984667257
P824,1,1,2,1,1,2,2,0,1,1,0,0,0,0,0,0,1,1,2,0,1,0,0,2,3.020910478188448
P825,2,1,2,0,2,1,2,0,2,2,1,0,0,0,0,1,0,1,2,0,0,0,0,1,3.6403706162902605
P826,1,1,2,0,1,2,2,0,2,1,2,0,0,2,1,1,1,2,1,0,1,0,0,2,3.894817567172772
P827,1,1,1,1,2,1,2,0,2,2,2,1,2,1,0,0,0,1,2,0,0,0,1,1,3.1966598026206285
P828,0,1,1,0,1,2,2,0,2,1,2,0,0,1,0,0,0,0,1,0,1,0,0,2,2.621292331508241
P829,0,2,2,0,1,1,2,0,2,2,1,0,1,1,1,0,0,1,1,0,0,0,1,2,2.7979697232633924
P830,1,2,2,0,2,2,1,0,2,1,1,0,0,1,0,0,0,0,1,0,0,0,0,2,3.417183776630802
P831,2,1,1,0,2,2,2,0,1,2,1,0,0,1,1,0,0,1,2,0,0,0,0,2,3.343160837671708
P832,1,1,1,1,1,2,1,0,2,2,1,0,0,1,0,1,0,2,1,1,0,1,0,2,3.286929846439026
P833,2,0,1,1,2,2,2,0,2,2,1,1,0,1,0,0,1,0,2,1,0,0,0,2,3.8299590388705504
P834,0,1,1,1,2,2,1,0,2,2,0,0,1,1,0,2,0,2,0,0,0,0,1,1,2.6781616643475132
P835,2,2,1,0,2,2,2,0,2,2,1,0,0,2,1,1,1,0,1,0,0,2,1,2,4.064226269992447
P836,1,2,2,0,1,2,2,0,2,2,1,0,0,1,0,0,1,0,2,0,0,0,0,2,3.568155775248103
P837,0,2,1,0,0,2,2,0,2,2,1,0,0,2,0,0,2,0,2,0,0,0,0,1,2.9652844329129113
P838,0,0,1,0,2,2,1,0,2,1,0,0,0,0,1,1,0,0,2,0,0,0,0,1,2.3681625465884384
P839,1,0,0,2,1,2,2,0,2,0,0,0,1,1,0,0,1,2,1,0,0,0,0,1,2.292987970724779
P840,1,1,0,1,2,2,2,0,2,1,1,0,0,0,0,0,0,0,2,0,0,0,0,2,2.5021099349511755
P841,1,2,1,0,2,1,2,0,1,1,1,0,0,2,0,0,0,2,0,0,0,1,0,2,2.8303012775492133
P842,2,1,1,0,2,2,2,0,2,2,1,0,0,2,0,1,0,0,1,0,0,0,0,2,3.565720090295428
P843,2,2,2,0,1,2,2,0,0,2,0,0,0,2,0,0,1,1,2,0,1,0,1,1,3.6728756554497926
P844,2,1,1,2,2,1,2,0,1,1,1,0,0,2,0,0,0,2,1,0,1,1,1,2,2.9767875922215556
P845,1,2,1,0,1,2,1,0,2,2,0,1,0,2,1,0,1,0,2,0,0,1,1,2,3.33149126476081
P846,1,1,0,0,2,2,1,0,2,2,1,1,0,1,0,0,1,0,2,0,0,0,0,2,2.9848794707444015
P847,2,2,1,1,1,2,1,1,2,2,0,1,0,1,0,1,0,1,1,0,0,1,0,1,3.320635873190087
P848,1,1,0,0,2,2,2,0,2,2,0,0,2,1,0,0,1,0,2,0,0,0,0,2,3.136136134224443
P849,1,0,1,2,2,2,2,0,1,1,2,0,1,2,0,0,1,0,2,0,0,0,0,2,2.7577742085514374
P850,1,0,2,0,2,1,2,0,2,2,1,0,1,1,0,0,0,1,2,0,0,0,0,2,3.0547966748244395
P851,0,1,1,0,1,1,2,0,2,2,1,0,1,1,0,0,0,2,0,0,0,1,0,1,2.434860193350213
P852,1,1,1,1,1,2,1,0,2,2,2,0,0,2,2,0,0,2,2,0,1,1,0,2,3.4999389133743573
P853,1,2,0,1,2,2,2,0,1,1,1,0,0,2,0,2,0,0,1,0,0,0,0,1,2.8479739740446948
P854,0,1,0,0,2,0,2,0,2,2,1,0,0,2,1,0,0,0,2,0,0,0,0,1,2.091317283734402
P855,1,1,0,0,0,2,2,0,2,2,1,0,1,1,0,0,0,0,2,0,0,0,0,1,2.486794715011718
P856,1,0,1,1,1,2,2,0,2,2,1,1,0,1,0,0,1,0,1,0,0,0,0,2,2.7009837277433633
P857,2,1,0,0,1,2,1,0,2,0,1,1,1,2,1,0,0,1,1,0,1,1,0,2,3.436395517210158
P858,1,2,1,0,2,1,1,0,2,2,2,0,1,0,0,0,2,1,2,0,0,0,0,1,3.5886915183212507
P859,2,1,2,0,1,0,1,0,2,2,0,0,0,1,0,0,0,1,2,1,0,0,0,1,3.3748082451780474
P860,0,2,0,0,1,1,1,0,2,2,1,0,0,0,0,1,0,1,1,0,0,1,0,2,2.0706635489372043
P861,1,0,1,0,2,1,2,0,1,2,1,1,0,2,0,0,0,1,2,0,0,0,0,2,2.541383492586314
P862,2,1,0,1,0,2,2,0,1,2,0,0,2,2,0,1,1,0,2,0,0,1,0,1,2.981223382699573
P863,1,0,2,0,1,2,1,0,2,2,0,0,1,2,1,1,0,1,1,0,0,0,1,2,2.9698316760209145
P864,1,1,1,0,1,1,2,0,1,0,1,0,0,0,2,0,1,0,2,0,0,0,0,2,2.3435776737954743
P865,2,1,1,0,2,2,1,0,2,2,0,0,1,2,0,0,1,1,2,0,1,1,0,2,4.12014090530885
P866,0,1,0,0,2,2,2,0,2,2,0,0,0,1,0,0,1,2,1,0,1,1,0,2,2.8673918901818576
P867,1,1,1,1,1,1,2,0,2,2,1,0,0,1,0,0,1,1,2,0,0,0,0,1,2.7827798755678996
P868,2,0,1,0,1,0,1,0,2,2,2,0,1,1,0,0,0,0,1,0,0,1,0,1,2.5967244912827203
P869,2,1,1,0,2,1,2,0,2,2,0,0,0,2,1,1,0,1,1,0,0,0,0,2,3.3693099763399053
P870,0,1,0,0,2,1,1,0,2,2,0,0,0,2,1,0,1,0,2,0,0,0,0,2,2.2998302249223403
P871,2,2,0,1,2,2,1,0,2,2,1,0,0,0,0,0,1,2,1,0,0,0,0,1,3.473843347990479
P872,1,1,0,0,1,1,1,0,2,2,2,0,1,2,0,0,1,1,1,0,0,1,0,1,2.7726778241089085
P873,0,1,1,1,2,2,1,0,2,2,0,0,0,1,0,0,1,2,1,0,0,1,0,2,2.753514451672703
P874,1,1,1,1,0,1,1,0,2,2,1,0,0,2,0,0,0,1,1,0,0,0,0,2,2.2129919178616464
P875,1,1,1,1,0,2,2,0,2,2,0,1,1,2,0,0,0,2,2,0,0,0,0,2,2.9163417956229423
P876,0,1,1,0,2,2,2,0,2,2,0,0,1,2,0,0,1,0,1,0,0,0,0,2,2.9442716695668705
P877,0,2,0,0,2,2,2,0,2,2,1,0,0,2,0,0,0,1,2,0,0,0,0,2,2.8053685029515383
P878,2,2,1,1,2,1,2,0,2,2,2,0,1,1,1,0,0,2,2,1,0,0,0,1,4.308574742202174
P879,2,2,1,0,2,2,2,0,2,2,1,0,0,2,1,0,0,2,1,0,0,0,0,0,4.15875062828921
P880,1,1,1,2,1,2,2,0,2,2,0,0,0,0,0,0,0,0,1,0,0,0,1,2,2.2555951115225525
P881,2,2,0,1,2,2,2,0,0,2,0,0,1,2,1,0,0,0,1,0,0,1,0,2,3.007746501108859
P882,1,1,1,1,1,0,2,0,2,2,1,0,1,2,0,0,0,1,1,0,0,0,0,1,2.49019757590002
P883,0,1,2,1,2,1,1,0,2,2,0,0,2,1,2,0,1,1,2,0,0,0,0,2,3.1949342378265397
P884,1,1,0,0,2,2,2,0,2,2,1,1,0,2,0,0,0,1,2,0,0,1,0,2,3.1269535501549113
P885,1,0,1,1,2,2,2,0,2,2,1,0,0,2,1,0,0,0,2,0,0,0,0,2,2.926664645977745
P886,0,0,1,1,1,2,2,0,2,2,0,1,0,0,2,1,0,0,2,0,0,2,0,1,2.5566148047503976
P887,2,1,1,1,1,2,1,0,2,1,2,0,1,2,0,0,1,0,2,0,0,0,0,2,3.440676556533527
P888,2,2,1,0,1,2,2,0,2,2,1,0,0,0,0,0,0,1,2,0,1,1,1,2,3.623127252077506
P889,2,2,1,1,2,2,2,0,1,2,2,1,0,1,0,0,0,1,2,0,0,0,0,2,3.633743184741278
P890,0,0,1,0,2,2,2,0,2,2,1,1,0,2,1,0,0,1,1,0,0,0,0,2,2.744828114931191
P891,1,1,1,0,2,2,2,0,1,2,0,0,0,2,1,1,1,1,2,0,0,0,0,2,3.2265230551629616
P892,1,1,1,0,1,1,2,0,2,2,0,0,1,1,0,1,0,1,2,0,1,0,0,2,3.0255351182913763
P893,0,0,2,1,2,1,2,0,2,1,1,0,1,2,1,0,0,1,2,0,0,0,0,2,2.692276937401392
P894,1,2,2,1,2,2,1,0,2,2,1,0,1,2,0,0,0,2,2,0,0,1,1,2,3.776670581608911
P895,0,2,1,0,1,1,2,0,2,2,1,0,0,2,1,0,1,1,1,0,0,0,1,2,2.604221659330099
P896,0,0,1,1,2,2,2,0,2,2,0,0,0,1,0,1,0,1,1,0,0,0,1,1,2.2802988913033055
P897,1,0,1,0,1,1,2,0,2,2,1,0,0,1,0,0,0,0,2,0,0,0,1,2,2.117923125761852
P898,0,1,1,1,2,2,2,0,2,2,1,1,0,0,0,0,0,1,1,0,0,0,0,2,2.639561839985707
P899,2,1,1,1,1,1,1,0,2,2,1,1,0,1,2,0,0,1,1,1,0,0,0,2,3.4913446300634328
P900,2,0,1,1,1,2,2,0,1,2,1,0,0,0,0,0,0,1,2,0,0,0,1,2,2.3938339952219865
P901,1,0,1,0,2,1,2,0,2,2,1,1,0,2,0,0,0,2,2,0,0,0,0,1,2.98524048168096
P902,0,1,0,1,2,2,2,0,2,2,0,0,1,0,1,0,0,0,2,0,0,0,0,1,2.454916750968235
P903,0,2,1,0,2,2,1,1,2,2,1,1,0,0,1,0,0,0,0,0,0,0,0,2,2.575355553511451
P904,1,1,1,0,2,0,2,0,1,2,0,1,0,1,0,0,0,1,1,0,0,0,1,1,2.203116992266858
P905,0,1,1,1,2,2,2,0,2,2,0,1,0,0,1,1,1,0,2,0,0,1,0,2,2.985147499403733
P906,0,1,2,0,2,2,2,0,1,1,0,0,0,2,1,0,0,1,0,0,1,0,0,1,3.0295037128216977
P907,2,1,2,0,2,2,2,0,2,2,1,0,0,1,1,0,0,0,1,0,0,0,0,2,3.798530830135461
P908,0,1,0,0,2,2,2,0,1,2,0,1,1,1,1,0,0,0,1,1,0,0,0,1,2.812924860636006
P909,1,2,1,1,2,2,1,0,2,2,2,0,0,2,0,1,0,0,2,0,0,1,0,2,3.502980602446089
P910,1,1,1,0,1,2,1,0,2,2,0,0,0,1,0,0,2,1,2,0,0,0,0,2,3.0729928167558387
P911,2,0,1,0,2,2,1,0,1,1,0,0,0,2,1,0,0,2,1,0,0,1,0,2,2.997124271442864
P912,2,1,0,1,1,1,2,0,2,2,2,1,1,1,0,1,0,0,2,0,0,0,0,2,2.956029255961517
P913,2,1,0,0,2,1,2,0,1,2,1,0,1,1,1,0,1,0,2,0,0,0,1,1,2.9118082863640975
P914,1,1,1,1,1,1,1,0,2,1,2,0,0,2,0,0,0,1,2,0,0,0,0,1,2.6236368795174716
P915,2,2,1,1,2,2,1,0,1,2,2,1,0,1,0,0,0,1,1,0,0,0,0,2,3.479821102469022
P916,2,0,0,0,2,0,2,0,2,1,2,0,1,2,0,1,0,1,2,0,0,1,0,1,2.8492691841256117
P917,0,2,2,1,2,1,1,0,2,2,1,0,0,2,1,1,1,2,2,0,0,0,0,1,3.4926526644046962
P918,1,2,2,0,2,1,2,0,2,2,0,0,0,1,0,0,0,0,2,0,0,0,0,2,3.297904612910448
P919,2,2,2,0,2,1,2,0,2,1,1,0,0,1,0,0,0,1,2,0,0,0,0,2,3.738847965933856
P920,1,1,1,1,1,2,2,0,2,2,1,0,0,1,0,1,0,0,2,0,0,0,0,2,2.825766332463005
P921,2,0,1,1,2,0,2,0,1,2,1,0,1,2,0,0,0,0,2,0,0,1,0,1,2.65952002949922
P922,1,0,1,0,2,2,2,0,2,2,1,0,1,1,1,1,0,0,2,0,0,0,0,2,3.134816408548578
P923,1,1,2,1,1,0,2,0,2,1,0,0,0,1,1,0,0,0,2,0,0,0,0,2,2.423151671398987
P924,0,2,1,0,2,2,2,0,2,2,1,0,0,0,1,1,0,0,2,0,1,0,0,2,3.309237551726492
P925,1,2,1,1,2,1,1,0,2,2,1,0,0,1,0,1,1,2,2,0,1,0,1,0,3.573530501346886
P926,0,0,2,1,1,2,1,0,2,2,2,0,0,2,0,0,0,1,0,0,0,2,0,2,2.552553408862288
P927,1,1,2,1,2,2,2,0,2,2,1,0,0,2,0,1,0,2,2,0,0,0,0,2,3.6258467674285746
P928,1,0,0,0,1,2,1,0,2,2,0,1,0,2,0,1,0,1,2,0,0,0,0,2,2.4731273777038965
P929,0,0,1,0,1,2,2,0,2,2,2,0,0,1,0,0,1,0,2,0,0,0,0,2,2.4175541056824428
P930,0,2,1,1,1,2,1,0,1,1,2,1,0,0,1,0,0,1,1,0,0,0,0,2,2.368476386273099
P931,2,1,2,0,2,2,2,0,1,2,1,1,0,0,0,0,0,0,2,0,0,0,0,2,3.530720831835681
P932,1,0,1,1,1,2,2,0,2,2,2,0,0,1,1,1,0,1,2,0,0,0,1,1,2.7315902946608226
P933,1,0,1,0,2,1,1,0,1,1,1,1,0,1,1,1,0,1,2,0,0,0,0,2,2.460244755209133
P934,0,2,1,1,2,2,2,0,2,2,0,0,1,2,0,0,0,0,1,0,0,1,0,2,3.0270801440306028
P935,1,2,0,1,2,1,2,0,2,1,1,0,0,2,0,0,0,0,1,1,1,0,0,1,3.366110762084588
P936,2,2,2,0,2,1,2,0,2,2,1,0,0,1,0,1,0,0,2,0,0,0,0,2,3.8393670137010933
P937,1,1,1,2,2,2,2,0,1,2,1,0,1,2,1,0,0,1,0,0,0,0,0,1,2.9666678751754594
P938,0,2,1,0,2,2,2,0,1,0,1,0,0,1,0,0,0,0,0,0,1,2,0,2,2.7510984316860982
P939,2,1,2,0,1,2,2,0,2,2,2,0,0,1,1,0,0,0,0,0,0,0,0,0,3.723166367400089
P940,0,0,0,0,2,2,2,0,1,2,1,0,1,1,0,0,1,2,1,0,0,0,0,1,2.287144238556157
P941,0,1,0,1,2,2,2,0,2,2,1,1,0,1,0,1,0,1,2,0,0,0,0,2,2.579022321086126
P942,1,1,2,1,2,2,2,0,1,2,1,0,0,0,1,0,1,1,2,0,0,0,0,2,3.2612134353943456
P943,1,0,2,1,2,1,2,0,2,1,2,0,1,0,1,0,0,0,2,0,1,0,0,2,3.163487467322633
P944,2,1,1,1,2,1,2,0,2,2,2,1,0,2,1,0,1,2,2,0,0,0,0,2,3.7951723668338255
P945,2,2,0,1,2,2,2,0,1,2,0,1,0,1,2,0,1,1,2,0,0,1,0,2,3.594325891461283
P946,2,1,2,0,2,1,2,0,2,1,1,0,1,2,0,0,1,0,2,0,0,0,0,0,3.991450410423944
P947,1,2,0,0,1,2,2,0,2,2,1,0,0,0,1,0,1,1,1,0,0,0,0,1,3.0202513012928915
P948,1,1,1,0,2,1,1,0,2,2,0,0,0,1,0,1,0,1,2,0,0,2,0,2,2.92874451288824
P949,2,2,1,1,2,1,0,0,2,2,1,1,0,1,0,1,0,1,1,0,0,0,0,1,3.501679459720062
P950,1,1,1,2,2,0,1,0,1,1,1,0,0,2,1,0,0,1,1,0,0,0,0,2,2.079350953704755
P951,0,1,1,0,1,2,2,0,2,2,1,0,0,1,0,1,0,2,1,0,1,0,0,2,2.850587324696922
P952,1,1,1,1,1,1,2,0,2,2,1,0,0,2,0,0,1,1,2,0,0,0,0,2,2.787070656985056
P953,1,1,0,1,1,2,1,0,2,2,2,0,0,0,1,0,0,0,1,0,1,0,1,2,2.459260647563776
P954,1,1,1,1,2,2,2,0,1,2,1,0,1,0,1,0,0,0,2,0,1,1,0,2,3.1906773366649572
P955,1,0,1,0,1,2,1,0,1,1,2,1,0,1,2,0,0,2,2,0,0,1,0,2,2.71360895582117
P956,0,0,0,1,1,2,1,0,2,2,2,0,0,2,0,1,1,1,2,0,0,1,0,2,2.2567098014582365
P957,1,2,0,1,2,2,2,0,2,2,2,0,0,0,0,0,0,1,1,0,0,0,0,2,2.9155495029974055
P958,0,1,2,1,2,2,0,0,2,2,0,0,0,1,0,0,0,0,1,0,0,0,1,2,2.46287376647759
P959,2,0,2,0,2,2,1,0,2,2,1,0,1,1,0,0,1,0,2,0,0,1,1,2,3.6537914151901916
P960,2,1,2,0,2,2,2,0,2,2,1,0,0,0,0,1,1,0,1,0,0,0,0,1,3.946444307391553
P961,2,1,1,0,2,1,2,0,2,2,1,1,0,1,0,0,0,1,2,0,0,1,0,1,3.537556967134771
P962,0,1,1,1,2,1,1,0,1,1,0,0,0,1,1,0,0,1,2,0,0,0,0,2,1.9684183564795759
P963,0,0,2,1,2,2,1,0,2,2,1,1,0,1,0,0,0,1,1,0,0,0,0,2,2.710357454026446
P964,1,1,2,1,1,1,2,0,2,1,2,1,0,2,1,1,0,1,1,0,0,0,0,2,3.155766663181065
P965,1,1,0,1,1,2,0,0,2,1,2,1,0,2,1,0,0,0,2,0,0,0,0,2,2.584704436124717
P966,1,2,2,0,1,2,1,0,2,2,0,0,0,1,0,0,0,2,1,0,0,1,0,2,3.3774951999197182
P967,1,1,0,1,2,2,2,0,2,2,1,1,1,0,0,0,0,1,2,0,0,0,0,2,2.9267364844476047
P968,1,1,2,1,1,2,1,0,2,2,1,2,0,1,0,0,0,1,1,0,0,0,0,1,3.3253895617045743
P969,0,0,2,1,1,2,2,0,2,2,1,0,0,1,0,0,1,1,2,0,0,1,0,2,2.711782142470106
P970,1,0,1,1,2,2,2,0,2,2,1,0,0,2,0,0,1,0,2,0,0,0,0,2,2.9968689046509933
P971,2,2,2,0,1,1,2,0,2,0,2,1,1,2,0,0,0,2,1,0,0,0,0,2,3.829026043242797
P972,1,2,1,1,1,1,2,0,1,1,1,2,0,0,1,0,0,0,2,0,0,1,1,2,2.519310189508742
P973,1,0,1,1,2,2,2,0,2,2,1,0,0,0,2,0,0,0,1,0,0,0,0,2,2.754393425037292
P974,1,2,1,0,1,1,2,0,2,2,1,0,0,2,0,0,1,2,2,0,0,1,2,2,2.946452218400177
P975,0,1,2,1,1,1,2,0,2,2,2,0,1,1,0,0,0,0,2,0,0,1,0,1,2.760775718514874
P976,2,1,2,1,1,2,2,0,2,2,0,0,0,1,1,1,0,1,1,0,0,0,0,2,3.537647260235695
P977,2,1,1,2,2,1,1,0,2,2,1,0,1,1,0,0,1,2,2,0,0,0,0,2,3.3804246460578016
P978,0,0,2,0,2,2,1,0,2,1,1,1,0,2,0,0,0,0,2,0,0,0,0,2,2.8104923302520324
P979,1,1,2,0,2,2,1,0,2,2,0,1,0,2,0,0,0,2,2,0,1,1,0,1,4.034119172772893
P980,2,0,0,0,2,1,2,0,2,2,1,1,0,1,0,0,0,1,2,0,0,0,1,2,2.6417039159662625
P981,2,1,2,1,1,2,2,0,2,2,1,0,1,1,2,1,0,1,2,0,0,0,0,1,4.014899821938475
P982,1,1,1,0,0,2,2,0,2,2,1,0,0,2,0,0,0,1,2,0,1,0,0,2,3.003820079580625
P983,1,2,0,1,1,2,2,0,2,2,1,0,0,1,1,1,1,2,0,0,0,0,0,2,3.0155396900477336
P984,1,1,1,1,2,2,1,0,2,1,1,0,0,2,0,1,0,1,1,0,0,0,0,1,3.0942969989885865
P985,2,1,2,1,2,0,2,0,2,1,0,0,0,2,0,0,0,0,2,0,0,0,1,2,2.903056290563213
P986,1,1,2,0,1,1,1,0,2,1,0,1,1,1,0,0,1,1,1,0,0,0,0,2,3.0447616432890188
P987,0,0,1,1,1,1,1,0,2,2,2,1,0,1,1,1,0,2,1,0,0,0,0,2,2.17489438185731
P988,1,0,1,1,1,2,2,0,2,0,1,0,0,1,0,1,0,1,2,0,0,0,1,1,2.389724722374393
P989,1,1,0,0,2,2,2,0,1,2,0,0,0,1,0,0,0,1,2,0,1,0,0,2,2.7436046544497654
P990,0,1,1,2,1,2,2,0,1,2,1,0,0,2,1,1,0,1,2,0,0,0,0,2,2.331903997521163
P991,1,2,2,0,1,1,1,0,2,2,0,2,0,1,0,0,0,1,1,0,1,0,1,2,3.3290826227642945
P992,2,2,1,0,1,2,2,0,2,2,1,0,0,1,0,2,1,2,1,0,0,0,0,1,3.9519830903973845
P993,1,1,1,0,2,2,2,0,2,2,0,0,0,2,0,1,1,1,2,0,0,1,0,2,3.484050466066114
P994,2,2,1,1,2,2,1,0,2,2,0,0,0,1,0,2,0,0,1,0,0,0,1,2,3.4219131338224655
P995,1,1,2,0,1,2,1,0,2,2,0,0,0,2,0,0,0,1,2,0,0,0,1,2,2.992084859445051
P996,1,1,0,0,2,2,1,0,2,2,1,0,0,2,0,1,0,1,2,0,0,1,0,2,3.000964246612379
P997,0,0,1,0,1,2,2,0,2,2,1,1,0,2,0,2,1,1,2,0,0,0,0,2,2.8013511963669866
P998,0,1,1,0,2,2,1,0,2,2,0,0,0,2,0,0,0,1,2,0,0,0,0,2,2.706653937187953
P999,1,2,1,2,1,2,2,0,2,2,0,0,0,2,0,0,0,0,1,0,0,1,1,2,2.7762383840725082
P1000,2,1,2,1,2,2,1,0,2,2,2,0,0,2,0,0,0,0,2,0,1,0,0,2,4.061057967348522
